text,label
แอดมินครับ บัตร Apple Pay เติมไม่ได้ ด่วนๆเลย,Payment
ช่วยด้วย กดจ่ายเงินแล้วแอพค้าง แก้ให้ที,Payment
คือว่า เติมเงินไม่เข้าครับ ระบบหักเงินไปแล้ว รบกวนด้วยครับ,Payment
แอดมินครับ ระบบเติมเงินมีปัญหาหรือเปล่า รบกวนด้วยครับ,Payment
สอบถามหน่อยครับ จ่ายเงินผ่าน Google Play ไม่ได้ รบกวนด้วยครับ,Payment
สอบถามหน่อยครับ ขอคืนเงินได้ไหม ซื้อผิด ด่วนๆเลย,Payment
ช่วยด้วย ระบบเติมเงินมีปัญหาหรือเปล่า ขอบคุณครับ,Payment
เติมเงินไม่เข้าครับ ระบบหักเงินไปแล้ว รบกวนด้วยครับ,Payment
บัตร ShopeePay เติมไม่ได้,Payment
คือว่า หักเงินซ้ำสองรอบ ขอเงินคืนด้วย ขอบคุณครับ,Payment
คือว่า ระบบเติมเงินมีปัญหาหรือเปล่า รบกวนด้วยครับ,Payment
แอดมินครับ ขอคืนเงินได้ไหม ซื้อผิด แก้ให้ที,Payment
ระบบเติมเงินมีปัญหาหรือเปล่า ด่วนๆเลย,Payment
คือว่า ระบบเติมเงินมีปัญหาหรือเปล่า,Payment
แอดมินครับ จ่ายเงินผ่าน TrueMoney ไม่ได้,Payment
ช่วยด้วย กดจ่ายเงินแล้วแอพค้าง ด่วนๆเลย,Payment
ทำไมเติมเงินแล้วไม่ได้ ทอง,Payment
แอดมินครับ เติมเงินไม่เข้าครับ ระบบหักเงินไปแล้ว ด่วนๆเลย,Payment
คือว่า ยอดเงินในเกมไม่ขึ้นเลย,Payment
แอดมินครับ ระบบเติมเงินมีปัญหาหรือเปล่า ขอบคุณครับ,Payment
ช่วยด้วย ซื้อแพ็กเกจแล้วของไม่เข้า รบกวนด้วยครับ,Payment
คือว่า บัตร ShopeePay เติมไม่ได้ ขอบคุณครับ,Payment
สอบถามหน่อยครับ ซื้อแพ็กเกจแล้วของไม่เข้า,Payment
ช่วยด้วย ระบบเติมเงินมีปัญหาหรือเปล่า,Payment
สอบถามหน่อยครับ ทำไมเติมเงินแล้วไม่ได้ ตั๋วสุ่ม ขอบคุณครับ,Payment
แอดมินครับ ระบบเติมเงินมีปัญหาหรือเปล่า แก้ให้ที,Payment
แอดมินครับ ระบบเติมเงินมีปัญหาหรือเปล่า ขอบคุณครับ,Payment
แอดมินครับ บัตร บัตรเครดิต เติมไม่ได้ รบกวนด้วยครับ,Payment
แอดมินครับ กดจ่ายเงินแล้วแอพค้าง แก้ให้ที,Payment
แอดมินครับ ทำไมเติมเงินแล้วไม่ได้ ทอง,Payment
ช่วยด้วย ยอดเงินในเกมไม่ขึ้นเลย ขอบคุณครับ,Payment
แอดมินครับ ทำไมเติมเงินแล้วไม่ได้ ทอง,Payment
แอดมินครับ หักเงินซ้ำสองรอบ ขอเงินคืนด้วย ด่วนๆเลย,Payment
สอบถามหน่อยครับ ซื้อแพ็กเกจแล้วของไม่เข้า ขอบคุณครับ,Payment
คือว่า ทำไมเติมเงินแล้วไม่ได้ ทอง,Payment
หักเงินซ้ำสองรอบ ขอเงินคืนด้วย ด่วนๆเลย,Payment
ระบบเติมเงินมีปัญหาหรือเปล่า,Payment
แอดมินครับ หักเงินซ้ำสองรอบ ขอเงินคืนด้วย,Payment
แอดมินครับ เติมเงินไม่เข้าครับ ระบบหักเงินไปแล้ว ด่วนๆเลย,Payment
ยอดเงินในเกมไม่ขึ้นเลย รบกวนด้วยครับ,Payment
สอบถามหน่อยครับ หักเงินซ้ำสองรอบ ขอเงินคืนด้วย รบกวนด้วยครับ,Payment
ช่วยด้วย เติมเงินไม่เข้าครับ ระบบหักเงินไปแล้ว รบกวนด้วยครับ,Payment
แอดมินครับ หักเงินซ้ำสองรอบ ขอเงินคืนด้วย,Payment
แอดมินครับ ซื้อแพ็กเกจแล้วของไม่เข้า แก้ให้ที,Payment
ช่วยด้วย ขอคืนเงินได้ไหม ซื้อผิด รบกวนด้วยครับ,Payment
สอบถามหน่อยครับ ระบบเติมเงินมีปัญหาหรือเปล่า รบกวนด้วยครับ,Payment
หักเงินซ้ำสองรอบ ขอเงินคืนด้วย แก้ให้ที,Payment
คือว่า ทำไมเติมเงินแล้วไม่ได้ สกิน แก้ให้ที,Payment
สอบถามหน่อยครับ จ่ายเงินผ่าน ShopeePay ไม่ได้ ขอบคุณครับ,Payment
สอบถามหน่อยครับ ซื้อแพ็กเกจแล้วของไม่เข้า รบกวนด้วยครับ,Payment
แอดมินครับ บัตร พร้อมเพย์ เติมไม่ได้,Payment
คือว่า กดจ่ายเงินแล้วแอพค้าง แก้ให้ที,Payment
คือว่า ขอคืนเงินได้ไหม ซื้อผิด ด่วนๆเลย,Payment
คือว่า ทำไมเติมเงินแล้วไม่ได้ เพชร,Payment
แอดมินครับ บัตร Google Play เติมไม่ได้ แก้ให้ที,Payment
ช่วยด้วย จ่ายเงินผ่าน ShopeePay ไม่ได้ รบกวนด้วยครับ,Payment
แอดมินครับ ทำไมเติมเงินแล้วไม่ได้ แพ็กเกจรายเดือน แก้ให้ที,Payment
คือว่า ซื้อแพ็กเกจแล้วของไม่เข้า,Payment
แอดมินครับ ซื้อแพ็กเกจแล้วของไม่เข้า ขอบคุณครับ,Payment
ช่วยด้วย ระบบเติมเงินมีปัญหาหรือเปล่า ด่วนๆเลย,Payment
คือว่า ทำไมเติมเงินแล้วไม่ได้ สกิน แก้ให้ที,Payment
ยอดเงินในเกมไม่ขึ้นเลย แก้ให้ที,Payment
สอบถามหน่อยครับ ยอดเงินในเกมไม่ขึ้นเลย ด่วนๆเลย,Payment
ช่วยด้วย เติมเงินไม่เข้าครับ ระบบหักเงินไปแล้ว รบกวนด้วยครับ,Payment
ทำไมเติมเงินแล้วไม่ได้ ตั๋วสุ่ม แก้ให้ที,Payment
แอดมินครับ ระบบเติมเงินมีปัญหาหรือเปล่า ขอบคุณครับ,Payment
สอบถามหน่อยครับ ขอคืนเงินได้ไหม ซื้อผิด ด่วนๆเลย,Payment
สอบถามหน่อยครับ จ่ายเงินผ่าน TrueMoney ไม่ได้ ขอบคุณครับ,Payment
สอบถามหน่อยครับ เติมเงินไม่เข้าครับ ระบบหักเงินไปแล้ว แก้ให้ที,Payment
ช่วยด้วย ยอดเงินในเกมไม่ขึ้นเลย รบกวนด้วยครับ,Payment
แอดมินครับ ซื้อแพ็กเกจแล้วของไม่เข้า ด่วนๆเลย,Payment
แอดมินครับ เติมเงินไม่เข้าครับ ระบบหักเงินไปแล้ว ขอบคุณครับ,Payment
ช่วยด้วย หักเงินซ้ำสองรอบ ขอเงินคืนด้วย รบกวนด้วยครับ,Payment
คือว่า จ่ายเงินผ่าน ShopeePay ไม่ได้ แก้ให้ที,Payment
ช่วยด้วย ซื้อแพ็กเกจแล้วของไม่เข้า ขอบคุณครับ,Payment
ยอดเงินในเกมไม่ขึ้นเลย รบกวนด้วยครับ,Payment
แอดมินครับ หักเงินซ้ำสองรอบ ขอเงินคืนด้วย,Payment
แอดมินครับ ระบบเติมเงินมีปัญหาหรือเปล่า,Payment
ช่วยด้วย กดจ่ายเงินแล้วแอพค้าง ขอบคุณครับ,Payment
กดจ่ายเงินแล้วแอพค้าง ด่วนๆเลย,Payment
ขอคืนเงินได้ไหม ซื้อผิด ขอบคุณครับ,Payment
จ่ายเงินผ่าน ShopeePay ไม่ได้ ขอบคุณครับ,Payment
คือว่า ซื้อแพ็กเกจแล้วของไม่เข้า,Payment
สอบถามหน่อยครับ ระบบเติมเงินมีปัญหาหรือเปล่า ขอบคุณครับ,Payment
คือว่า เติมเงินไม่เข้าครับ ระบบหักเงินไปแล้ว รบกวนด้วยครับ,Payment
ช่วยด้วย ขอคืนเงินได้ไหม ซื้อผิด รบกวนด้วยครับ,Payment
ช่วยด้วย ยอดเงินในเกมไม่ขึ้นเลย ขอบคุณครับ,Payment
สอบถามหน่อยครับ ซื้อแพ็กเกจแล้วของไม่เข้า รบกวนด้วยครับ,Payment
แอดมินครับ ขอคืนเงินได้ไหม ซื้อผิด รบกวนด้วยครับ,Payment
สอบถามหน่อยครับ ทำไมเติมเงินแล้วไม่ได้ ทอง แก้ให้ที,Payment
คือว่า กดจ่ายเงินแล้วแอพค้าง,Payment
สอบถามหน่อยครับ ขอคืนเงินได้ไหม ซื้อผิด รบกวนด้วยครับ,Payment
หักเงินซ้ำสองรอบ ขอเงินคืนด้วย แก้ให้ที,Payment
คือว่า เติมเงินไม่เข้าครับ ระบบหักเงินไปแล้ว รบกวนด้วยครับ,Payment
สอบถามหน่อยครับ บัตร Google Play เติมไม่ได้ ขอบคุณครับ,Payment
ขอคืนเงินได้ไหม ซื้อผิด รบกวนด้วยครับ,Payment
ช่วยด้วย หักเงินซ้ำสองรอบ ขอเงินคืนด้วย รบกวนด้วยครับ,Payment
แอดมินครับ กดจ่ายเงินแล้วแอพค้าง แก้ให้ที,Payment
หักเงินซ้ำสองรอบ ขอเงินคืนด้วย ด่วนๆเลย,Payment
แอดมินครับ ระบบเติมเงินมีปัญหาหรือเปล่า รบกวนด้วยครับ,Payment
จ่ายเงินผ่าน พร้อมเพย์ ไม่ได้ รบกวนด้วยครับ,Payment
ช่วยด้วย จ่ายเงินผ่าน TrueMoney ไม่ได้ รบกวนด้วยครับ,Payment
สอบถามหน่อยครับ กดจ่ายเงินแล้วแอพค้าง แก้ให้ที,Payment
สอบถามหน่อยครับ ระบบเติมเงินมีปัญหาหรือเปล่า ด่วนๆเลย,Payment
แอดมินครับ ซื้อแพ็กเกจแล้วของไม่เข้า รบกวนด้วยครับ,Payment
แอดมินครับ จ่ายเงินผ่าน TrueMoney ไม่ได้ ด่วนๆเลย,Payment
คือว่า ขอคืนเงินได้ไหม ซื้อผิด รบกวนด้วยครับ,Payment
คือว่า หักเงินซ้ำสองรอบ ขอเงินคืนด้วย,Payment
ช่วยด้วย ยอดเงินในเกมไม่ขึ้นเลย ด่วนๆเลย,Payment
หักเงินซ้ำสองรอบ ขอเงินคืนด้วย ขอบคุณครับ,Payment
ช่วยด้วย ขอคืนเงินได้ไหม ซื้อผิด ด่วนๆเลย,Payment
ยอดเงินในเกมไม่ขึ้นเลย แก้ให้ที,Payment
ช่วยด้วย ซื้อแพ็กเกจแล้วของไม่เข้า แก้ให้ที,Payment
ช่วยด้วย ขอคืนเงินได้ไหม ซื้อผิด ด่วนๆเลย,Payment
คือว่า จ่ายเงินผ่าน พร้อมเพย์ ไม่ได้,Payment
คือว่า หักเงินซ้ำสองรอบ ขอเงินคืนด้วย ขอบคุณครับ,Payment
กดจ่ายเงินแล้วแอพค้าง,Payment
สอบถามหน่อยครับ ระบบเติมเงินมีปัญหาหรือเปล่า ขอบคุณครับ,Payment
เติมเงินไม่เข้าครับ ระบบหักเงินไปแล้ว รบกวนด้วยครับ,Payment
แอดมินครับ ซื้อแพ็กเกจแล้วของไม่เข้า แก้ให้ที,Payment
คือว่า ซื้อแพ็กเกจแล้วของไม่เข้า รบกวนด้วยครับ,Payment
สอบถามหน่อยครับ ขอคืนเงินได้ไหม ซื้อผิด ด่วนๆเลย,Payment
สอบถามหน่อยครับ ทำไมเติมเงินแล้วไม่ได้ สกิน ด่วนๆเลย,Payment
ช่วยด้วย ยอดเงินในเกมไม่ขึ้นเลย,Payment
แอดมินครับ หักเงินซ้ำสองรอบ ขอเงินคืนด้วย แก้ให้ที,Payment
ทำไมเติมเงินแล้วไม่ได้ เพชร ด่วนๆเลย,Payment
ช่วยด้วย ยอดเงินในเกมไม่ขึ้นเลย ขอบคุณครับ,Payment
ช่วยด้วย ทำไมเติมเงินแล้วไม่ได้ สกิน,Payment
ช่วยด้วย กดจ่ายเงินแล้วแอพค้าง ขอบคุณครับ,Payment
ช่วยด้วย ขอคืนเงินได้ไหม ซื้อผิด,Payment
แอดมินครับ จ่ายเงินผ่าน TrueMoney ไม่ได้ รบกวนด้วยครับ,Payment
สอบถามหน่อยครับ เติมเงินไม่เข้าครับ ระบบหักเงินไปแล้ว ขอบคุณครับ,Payment
แอดมินครับ บัตร พร้อมเพย์ เติมไม่ได้ รบกวนด้วยครับ,Payment
สอบถามหน่อยครับ ทำไมเติมเงินแล้วไม่ได้ ทอง ด่วนๆเลย,Payment
ช่วยด้วย เติมเงินไม่เข้าครับ ระบบหักเงินไปแล้ว รบกวนด้วยครับ,Payment
คือว่า เติมเงินไม่เข้าครับ ระบบหักเงินไปแล้ว ด่วนๆเลย,Payment
ช่วยด้วย เติมเงินไม่เข้าครับ ระบบหักเงินไปแล้ว แก้ให้ที,Payment
กดจ่ายเงินแล้วแอพค้าง ขอบคุณครับ,Payment
คือว่า กดจ่ายเงินแล้วแอพค้าง แก้ให้ที,Payment
ซื้อแพ็กเกจแล้วของไม่เข้า แก้ให้ที,Payment
หักเงินซ้ำสองรอบ ขอเงินคืนด้วย ด่วนๆเลย,Payment
แอดมินครับ ทำไมเติมเงินแล้วไม่ได้ ตั๋วสุ่ม ขอบคุณครับ,Payment
แอดมินครับ บัตร บัตรเครดิต เติมไม่ได้,Payment
ยอดเงินในเกมไม่ขึ้นเลย ขอบคุณครับ,Payment
คือว่า ยอดเงินในเกมไม่ขึ้นเลย รบกวนด้วยครับ,Payment
ช่วยด้วย กดจ่ายเงินแล้วแอพค้าง แก้ให้ที,Payment
แอดมินครับ บัตร Google Play เติมไม่ได้ ขอบคุณครับ,Payment
บัตร Google Play เติมไม่ได้ รบกวนด้วยครับ,Payment
แอดมินครับ จ่ายเงินผ่าน พร้อมเพย์ ไม่ได้ รบกวนด้วยครับ,Payment
ทำไมเติมเงินแล้วไม่ได้ ตั๋วสุ่ม ขอบคุณครับ,Payment
ช่วยด้วย ทำไมเติมเงินแล้วไม่ได้ กล่องสุ่ม แก้ให้ที,Payment
ทำไมเติมเงินแล้วไม่ได้ ตั๋วสุ่ม แก้ให้ที,Payment
แอดมินครับ เติมเงินไม่เข้าครับ ระบบหักเงินไปแล้ว ขอบคุณครับ,Payment
สอบถามหน่อยครับ จ่ายเงินผ่าน Google Play ไม่ได้,Payment
คือว่า บัตร TrueMoney เติมไม่ได้ รบกวนด้วยครับ,Payment
ช่วยด้วย ซื้อแพ็กเกจแล้วของไม่เข้า ด่วนๆเลย,Payment
ช่วยด้วย ซื้อแพ็กเกจแล้วของไม่เข้า ด่วนๆเลย,Payment
กดจ่ายเงินแล้วแอพค้าง ขอบคุณครับ,Payment
แอดมินครับ ขอคืนเงินได้ไหม ซื้อผิด รบกวนด้วยครับ,Payment
หักเงินซ้ำสองรอบ ขอเงินคืนด้วย รบกวนด้วยครับ,Payment
ช่วยด้วย เติมเงินไม่เข้าครับ ระบบหักเงินไปแล้ว ด่วนๆเลย,Payment
คือว่า ระบบเติมเงินมีปัญหาหรือเปล่า รบกวนด้วยครับ,Payment
ขอคืนเงินได้ไหม ซื้อผิด,Payment
หักเงินซ้ำสองรอบ ขอเงินคืนด้วย แก้ให้ที,Payment
ช่วยด้วย หักเงินซ้ำสองรอบ ขอเงินคืนด้วย รบกวนด้วยครับ,Payment
แอดมินครับ หักเงินซ้ำสองรอบ ขอเงินคืนด้วย รบกวนด้วยครับ,Payment
แอดมินครับ บัตร Apple Pay เติมไม่ได้ ขอบคุณครับ,Payment
ช่วยด้วย บัตร Apple Pay เติมไม่ได้,Payment
คือว่า ซื้อแพ็กเกจแล้วของไม่เข้า ด่วนๆเลย,Payment
คือว่า ระบบเติมเงินมีปัญหาหรือเปล่า ขอบคุณครับ,Payment
คือว่า ทำไมเติมเงินแล้วไม่ได้ ทอง ด่วนๆเลย,Payment
แอดมินครับ จ่ายเงินผ่าน พร้อมเพย์ ไม่ได้ แก้ให้ที,Payment
คือว่า ระบบเติมเงินมีปัญหาหรือเปล่า รบกวนด้วยครับ,Payment
ยอดเงินในเกมไม่ขึ้นเลย ด่วนๆเลย,Payment
แอดมินครับ กดจ่ายเงินแล้วแอพค้าง รบกวนด้วยครับ,Payment
ช่วยด้วย ขอคืนเงินได้ไหม ซื้อผิด,Payment
ซื้อแพ็กเกจแล้วของไม่เข้า แก้ให้ที,Payment
ขอคืนเงินได้ไหม ซื้อผิด รบกวนด้วยครับ,Payment
แอดมินครับ หักเงินซ้ำสองรอบ ขอเงินคืนด้วย รบกวนด้วยครับ,Payment
คือว่า กดจ่ายเงินแล้วแอพค้าง ขอบคุณครับ,Payment
แอดมินครับ กดจ่ายเงินแล้วแอพค้าง ขอบคุณครับ,Payment
สอบถามหน่อยครับ ยอดเงินในเกมไม่ขึ้นเลย รบกวนด้วยครับ,Payment
สอบถามหน่อยครับ ซื้อแพ็กเกจแล้วของไม่เข้า ด่วนๆเลย,Payment
ขอคืนเงินได้ไหม ซื้อผิด ขอบคุณครับ,Payment
ช่วยด้วย ทำไมเติมเงินแล้วไม่ได้ กล่องสุ่ม ขอบคุณครับ,Payment
สอบถามหน่อยครับ ยอดเงินในเกมไม่ขึ้นเลย,Payment
ช่วยด้วย หักเงินซ้ำสองรอบ ขอเงินคืนด้วย,Payment
ช่วยด้วย ยอดเงินในเกมไม่ขึ้นเลย,Payment
แอดมินครับ ซื้อแพ็กเกจแล้วของไม่เข้า,Payment
แอดมินครับ ซื้อแพ็กเกจแล้วของไม่เข้า รบกวนด้วยครับ,Payment
ขอคืนเงินได้ไหม ซื้อผิด,Payment
สอบถามหน่อยครับ ขอคืนเงินได้ไหม ซื้อผิด แก้ให้ที,Payment
แอดมินครับ ระบบเติมเงินมีปัญหาหรือเปล่า ขอบคุณครับ,Payment
สอบถามหน่อยครับ กดจ่ายเงินแล้วแอพค้าง รบกวนด้วยครับ,Payment
แอดมินครับ เติมเงินไม่เข้าครับ ระบบหักเงินไปแล้ว,Payment
ยอดเงินในเกมไม่ขึ้นเลย,Payment
แอดมินครับ จ่ายเงินผ่าน Google Play ไม่ได้ รบกวนด้วยครับ,Payment
ช่วยด้วย ระบบเติมเงินมีปัญหาหรือเปล่า ขอบคุณครับ,Payment
หักเงินซ้ำสองรอบ ขอเงินคืนด้วย ขอบคุณครับ,Payment
ช่วยด้วย ยอดเงินในเกมไม่ขึ้นเลย แก้ให้ที,Payment
คือว่า กำลังเล่นอยู่แล้วเกมเด้งหลุดจากเซิร์ฟ รบกวนด้วยครับ,Server
ช่วยด้วย กำลังเล่นอยู่แล้วเกมเด้งหลุดจากเซิร์ฟ ด่วนๆเลย,Server
สอบถามหน่อยครับ หลุดบ่อยมาก แก้ไขหน่อย ด่วนๆเลย,Server
ล็อกอินเข้าเซิร์ฟเวอร์ไม่ได้ รบกวนด้วยครับ,Server
ช่วยด้วย เซิร์ฟเวอร์ Sea-2 ล่มเหรอครับ รบกวนด้วยครับ,Server
หลุดบ่อยมาก แก้ไขหน่อย ด่วนๆเลย,Server
คือว่า หลุดบ่อยมาก แก้ไขหน่อย แก้ให้ที,Server
ช่วยด้วย ทำไมเซิร์ฟนี้แลคจัง รบกวนด้วยครับ,Server
สอบถามหน่อยครับ ล็อกอินเข้าเซิร์ฟเวอร์ไม่ได้ ขอบคุณครับ,Server
ช่วยด้วย เข้าเกมไม่ได้เลย ขึ้น error 2001 ด่วนๆเลย,Server
สอบถามหน่อยครับ เข้าเกมไม่ได้เลย ขึ้น error 1002 ด่วนๆเลย,Server
แอดมินครับ เชื่อมต่อเซิร์ฟเวอร์ล้มเหลว แก้ให้ที,Server
สอบถามหน่อยครับ เซิร์ฟเวอร์จะเปิดตอนไหน ด่วนๆเลย,Server
ทำไมเซิร์ฟนี้แลคจัง,Server
กำลังเล่นอยู่แล้วเกมเด้งหลุดจากเซิร์ฟ แก้ให้ที,Server
ช่วยด้วย หลุดบ่อยมาก แก้ไขหน่อย แก้ให้ที,Server
เชื่อมต่อเซิร์ฟเวอร์ล้มเหลว แก้ให้ที,Server
สอบถามหน่อยครับ เซิร์ฟเวอร์จะเปิดตอนไหน,Server
เข้าเกมไม่ได้เลย ขึ้น error 2001,Server
แอดมินครับ เชื่อมต่อเซิร์ฟเวอร์ล้มเหลว,Server
ช่วยด้วย หลุดบ่อยมาก แก้ไขหน่อย ขอบคุณครับ,Server
ช่วยด้วย เชื่อมต่อเซิร์ฟเวอร์ล้มเหลว รบกวนด้วยครับ,Server
สอบถามหน่อยครับ เข้าเกมไม่ได้เลย ขึ้น error 9999 ด่วนๆเลย,Server
กำลังเล่นอยู่แล้วเกมเด้งหลุดจากเซิร์ฟ ด่วนๆเลย,Server
ล็อกอินเข้าเซิร์ฟเวอร์ไม่ได้,Server
แอดมินครับ เชื่อมต่อเซิร์ฟเวอร์ล้มเหลว แก้ให้ที,Server
คือว่า เซิร์ฟเวอร์จะเปิดตอนไหน,Server
สอบถามหน่อยครับ หลุดบ่อยมาก แก้ไขหน่อย,Server
ช่วยด้วย ขอวิธีย้ายเซิร์ฟเวอร์หน่อย แก้ให้ที,Server
ช่วยด้วย เซิร์ฟเวอร์ Asia ล่มเหรอครับ รบกวนด้วยครับ,Server
แอดมินครับ เซิร์ฟเวอร์จะเปิดตอนไหน ขอบคุณครับ,Server
คือว่า ล็อกอินเข้าเซิร์ฟเวอร์ไม่ได้,Server
คือว่า ล็อกอินเข้าเซิร์ฟเวอร์ไม่ได้ ด่วนๆเลย,Server
สอบถามหน่อยครับ ปิงสูงมาก เล่นไม่ได้เลย ขอบคุณครับ,Server
สอบถามหน่อยครับ ล็อกอินเข้าเซิร์ฟเวอร์ไม่ได้ ด่วนๆเลย,Server
ช่วยด้วย เข้าเกมไม่ได้เลย ขึ้น error timeout ด่วนๆเลย,Server
แอดมินครับ เข้าเกมไม่ได้เลย ขึ้น error 1002 แก้ให้ที,Server
ปิงสูงมาก เล่นไม่ได้เลย แก้ให้ที,Server
สอบถามหน่อยครับ ล็อกอินเข้าเซิร์ฟเวอร์ไม่ได้ รบกวนด้วยครับ,Server
แอดมินครับ เซิร์ฟเวอร์ Asia ล่มเหรอครับ,Server
เซิร์ฟเวอร์ TH-1 ล่มเหรอครับ ด่วนๆเลย,Server
สอบถามหน่อยครับ หลุดบ่อยมาก แก้ไขหน่อย ด่วนๆเลย,Server
กำลังเล่นอยู่แล้วเกมเด้งหลุดจากเซิร์ฟ,Server
คือว่า ล็อกอินเข้าเซิร์ฟเวอร์ไม่ได้ แก้ให้ที,Server
แอดมินครับ ทำไมเซิร์ฟนี้แลคจัง รบกวนด้วยครับ,Server
ขอวิธีย้ายเซิร์ฟเวอร์หน่อย แก้ให้ที,Server
สอบถามหน่อยครับ เซิร์ฟเวอร์ Asia ล่มเหรอครับ รบกวนด้วยครับ,Server
กำลังเล่นอยู่แล้วเกมเด้งหลุดจากเซิร์ฟ ด่วนๆเลย,Server
ช่วยด้วย ขอวิธีย้ายเซิร์ฟเวอร์หน่อย ด่วนๆเลย,Server
สอบถามหน่อยครับ เซิร์ฟเวอร์ NA ล่มเหรอครับ ขอบคุณครับ,Server
คือว่า ขอวิธีย้ายเซิร์ฟเวอร์หน่อย แก้ให้ที,Server
คือว่า เชื่อมต่อเซิร์ฟเวอร์ล้มเหลว รบกวนด้วยครับ,Server
คือว่า เข้าเกมไม่ได้เลย ขึ้น error 404 รบกวนด้วยครับ,Server
เชื่อมต่อเซิร์ฟเวอร์ล้มเหลว รบกวนด้วยครับ,Server
สอบถามหน่อยครับ เข้าเกมไม่ได้เลย ขึ้น error 9999 ขอบคุณครับ,Server
ปิงสูงมาก เล่นไม่ได้เลย,Server
กำลังเล่นอยู่แล้วเกมเด้งหลุดจากเซิร์ฟ แก้ให้ที,Server
แอดมินครับ ทำไมเซิร์ฟนี้แลคจัง รบกวนด้วยครับ,Server
เซิร์ฟเวอร์ NA ล่มเหรอครับ ขอบคุณครับ,Server
แอดมินครับ กำลังเล่นอยู่แล้วเกมเด้งหลุดจากเซิร์ฟ ด่วนๆเลย,Server
คือว่า เข้าเกมไม่ได้เลย ขึ้น error 9999,Server
ช่วยด้วย ปิงสูงมาก เล่นไม่ได้เลย แก้ให้ที,Server
คือว่า ล็อกอินเข้าเซิร์ฟเวอร์ไม่ได้ ขอบคุณครับ,Server
แอดมินครับ เซิร์ฟเวอร์จะเปิดตอนไหน ด่วนๆเลย,Server
คือว่า ล็อกอินเข้าเซิร์ฟเวอร์ไม่ได้,Server
ล็อกอินเข้าเซิร์ฟเวอร์ไม่ได้ แก้ให้ที,Server
สอบถามหน่อยครับ ปิงสูงมาก เล่นไม่ได้เลย รบกวนด้วยครับ,Server
สอบถามหน่อยครับ หลุดบ่อยมาก แก้ไขหน่อย ด่วนๆเลย,Server
สอบถามหน่อยครับ เซิร์ฟเวอร์จะเปิดตอนไหน รบกวนด้วยครับ,Server
คือว่า เซิร์ฟเวอร์ Global ล่มเหรอครับ รบกวนด้วยครับ,Server
แอดมินครับ ทำไมเซิร์ฟนี้แลคจัง,Server
แอดมินครับ กำลังเล่นอยู่แล้วเกมเด้งหลุดจากเซิร์ฟ,Server
สอบถามหน่อยครับ หลุดบ่อยมาก แก้ไขหน่อย แก้ให้ที,Server
หลุดบ่อยมาก แก้ไขหน่อย,Server
คือว่า ขอวิธีย้ายเซิร์ฟเวอร์หน่อย ด่วนๆเลย,Server
สอบถามหน่อยครับ หลุดบ่อยมาก แก้ไขหน่อย แก้ให้ที,Server
เชื่อมต่อเซิร์ฟเวอร์ล้มเหลว ขอบคุณครับ,Server
แอดมินครับ เซิร์ฟเวอร์จะเปิดตอนไหน รบกวนด้วยครับ,Server
แอดมินครับ หลุดบ่อยมาก แก้ไขหน่อย,Server
สอบถามหน่อยครับ หลุดบ่อยมาก แก้ไขหน่อย รบกวนด้วยครับ,Server
แอดมินครับ ทำไมเซิร์ฟนี้แลคจัง ด่วนๆเลย,Server
สอบถามหน่อยครับ ปิงสูงมาก เล่นไม่ได้เลย ขอบคุณครับ,Server
สอบถามหน่อยครับ หลุดบ่อยมาก แก้ไขหน่อย แก้ให้ที,Server
เชื่อมต่อเซิร์ฟเวอร์ล้มเหลว แก้ให้ที,Server
แอดมินครับ ทำไมเซิร์ฟนี้แลคจัง ขอบคุณครับ,Server
กำลังเล่นอยู่แล้วเกมเด้งหลุดจากเซิร์ฟ ขอบคุณครับ,Server
สอบถามหน่อยครับ เซิร์ฟเวอร์ Asia ล่มเหรอครับ,Server
สอบถามหน่อยครับ หลุดบ่อยมาก แก้ไขหน่อย,Server
แอดมินครับ เซิร์ฟเวอร์จะเปิดตอนไหน ด่วนๆเลย,Server
แอดมินครับ เซิร์ฟเวอร์จะเปิดตอนไหน รบกวนด้วยครับ,Server
สอบถามหน่อยครับ ขอวิธีย้ายเซิร์ฟเวอร์หน่อย ขอบคุณครับ,Server
คือว่า ล็อกอินเข้าเซิร์ฟเวอร์ไม่ได้,Server
แอดมินครับ ขอวิธีย้ายเซิร์ฟเวอร์หน่อย ด่วนๆเลย,Server
แอดมินครับ ขอวิธีย้ายเซิร์ฟเวอร์หน่อย แก้ให้ที,Server
สอบถามหน่อยครับ เซิร์ฟเวอร์จะเปิดตอนไหน,Server
สอบถามหน่อยครับ เชื่อมต่อเซิร์ฟเวอร์ล้มเหลว รบกวนด้วยครับ,Server
คือว่า ทำไมเซิร์ฟนี้แลคจัง ด่วนๆเลย,Server
ช่วยด้วย เซิร์ฟเวอร์ Sea-2 ล่มเหรอครับ ด่วนๆเลย,Server
สอบถามหน่อยครับ เชื่อมต่อเซิร์ฟเวอร์ล้มเหลว,Server
แอดมินครับ เข้าเกมไม่ได้เลย ขึ้น error 1002 แก้ให้ที,Server
ปิงสูงมาก เล่นไม่ได้เลย รบกวนด้วยครับ,Server
ช่วยด้วย เซิร์ฟเวอร์ Asia ล่มเหรอครับ แก้ให้ที,Server
ล็อกอินเข้าเซิร์ฟเวอร์ไม่ได้ ด่วนๆเลย,Server
ช่วยด้วย ทำไมเซิร์ฟนี้แลคจัง แก้ให้ที,Server
แอดมินครับ ล็อกอินเข้าเซิร์ฟเวอร์ไม่ได้ ด่วนๆเลย,Server
คือว่า เชื่อมต่อเซิร์ฟเวอร์ล้มเหลว,Server
ช่วยด้วย ปิงสูงมาก เล่นไม่ได้เลย ด่วนๆเลย,Server
สอบถามหน่อยครับ กำลังเล่นอยู่แล้วเกมเด้งหลุดจากเซิร์ฟ ด่วนๆเลย,Server
แอดมินครับ หลุดบ่อยมาก แก้ไขหน่อย ขอบคุณครับ,Server
สอบถามหน่อยครับ เซิร์ฟเวอร์ TH-1 ล่มเหรอครับ รบกวนด้วยครับ,Server
คือว่า ขอวิธีย้ายเซิร์ฟเวอร์หน่อย รบกวนด้วยครับ,Server
สอบถามหน่อยครับ เซิร์ฟเวอร์ Global ล่มเหรอครับ,Server
คือว่า ปิงสูงมาก เล่นไม่ได้เลย,Server
แอดมินครับ ปิงสูงมาก เล่นไม่ได้เลย ขอบคุณครับ,Server
แอดมินครับ ทำไมเซิร์ฟนี้แลคจัง ด่วนๆเลย,Server
คือว่า เข้าเกมไม่ได้เลย ขึ้น error 9999 ด่วนๆเลย,Server
คือว่า เซิร์ฟเวอร์จะเปิดตอนไหน ด่วนๆเลย,Server
ช่วยด้วย เซิร์ฟเวอร์จะเปิดตอนไหน ด่วนๆเลย,Server
สอบถามหน่อยครับ กำลังเล่นอยู่แล้วเกมเด้งหลุดจากเซิร์ฟ ขอบคุณครับ,Server
คือว่า ล็อกอินเข้าเซิร์ฟเวอร์ไม่ได้ แก้ให้ที,Server
ช่วยด้วย เชื่อมต่อเซิร์ฟเวอร์ล้มเหลว ขอบคุณครับ,Server
แอดมินครับ กำลังเล่นอยู่แล้วเกมเด้งหลุดจากเซิร์ฟ ขอบคุณครับ,Server
คือว่า เซิร์ฟเวอร์ Asia ล่มเหรอครับ แก้ให้ที,Server
ช่วยด้วย ปิงสูงมาก เล่นไม่ได้เลย รบกวนด้วยครับ,Server
สอบถามหน่อยครับ หลุดบ่อยมาก แก้ไขหน่อย ขอบคุณครับ,Server
คือว่า กำลังเล่นอยู่แล้วเกมเด้งหลุดจากเซิร์ฟ ด่วนๆเลย,Server
ปิงสูงมาก เล่นไม่ได้เลย แก้ให้ที,Server
สอบถามหน่อยครับ ปิงสูงมาก เล่นไม่ได้เลย รบกวนด้วยครับ,Server
ช่วยด้วย ขอวิธีย้ายเซิร์ฟเวอร์หน่อย รบกวนด้วยครับ,Server
แอดมินครับ เซิร์ฟเวอร์จะเปิดตอนไหน แก้ให้ที,Server
ช่วยด้วย เซิร์ฟเวอร์จะเปิดตอนไหน,Server
แอดมินครับ เข้าเกมไม่ได้เลย ขึ้น error timeout ขอบคุณครับ,Server
ช่วยด้วย ทำไมเซิร์ฟนี้แลคจัง ขอบคุณครับ,Server
ช่วยด้วย ขอวิธีย้ายเซิร์ฟเวอร์หน่อย ด่วนๆเลย,Server
คือว่า เซิร์ฟเวอร์จะเปิดตอนไหน,Server
ช่วยด้วย เข้าเกมไม่ได้เลย ขึ้น error 2001,Server
เข้าเกมไม่ได้เลย ขึ้น error 404 แก้ให้ที,Server
ช่วยด้วย ทำไมเซิร์ฟนี้แลคจัง ขอบคุณครับ,Server
ทำไมเซิร์ฟนี้แลคจัง ด่วนๆเลย,Server
กำลังเล่นอยู่แล้วเกมเด้งหลุดจากเซิร์ฟ รบกวนด้วยครับ,Server
ขอวิธีย้ายเซิร์ฟเวอร์หน่อย ขอบคุณครับ,Server
ช่วยด้วย เชื่อมต่อเซิร์ฟเวอร์ล้มเหลว ขอบคุณครับ,Server
คือว่า ปิงสูงมาก เล่นไม่ได้เลย แก้ให้ที,Server
เซิร์ฟเวอร์ NA ล่มเหรอครับ ขอบคุณครับ,Server
สอบถามหน่อยครับ เซิร์ฟเวอร์จะเปิดตอนไหน,Server
แอดมินครับ ล็อกอินเข้าเซิร์ฟเวอร์ไม่ได้,Server
แอดมินครับ ปิงสูงมาก เล่นไม่ได้เลย ขอบคุณครับ,Server
ช่วยด้วย ล็อกอินเข้าเซิร์ฟเวอร์ไม่ได้ รบกวนด้วยครับ,Server
ช่วยด้วย เซิร์ฟเวอร์ Asia ล่มเหรอครับ ขอบคุณครับ,Server
ช่วยด้วย เซิร์ฟเวอร์ TH-1 ล่มเหรอครับ ขอบคุณครับ,Server
ขอวิธีย้ายเซิร์ฟเวอร์หน่อย ขอบคุณครับ,Server
สอบถามหน่อยครับ ทำไมเซิร์ฟนี้แลคจัง แก้ให้ที,Server
คือว่า เชื่อมต่อเซิร์ฟเวอร์ล้มเหลว รบกวนด้วยครับ,Server
แอดมินครับ กำลังเล่นอยู่แล้วเกมเด้งหลุดจากเซิร์ฟ ด่วนๆเลย,Server
คือว่า เซิร์ฟเวอร์จะเปิดตอนไหน,Server
ช่วยด้วย เซิร์ฟเวอร์จะเปิดตอนไหน แก้ให้ที,Server
ช่วยด้วย ล็อกอินเข้าเซิร์ฟเวอร์ไม่ได้ ด่วนๆเลย,Server
เซิร์ฟเวอร์จะเปิดตอนไหน ด่วนๆเลย,Server
สอบถามหน่อยครับ เชื่อมต่อเซิร์ฟเวอร์ล้มเหลว ขอบคุณครับ,Server
ทำไมเซิร์ฟนี้แลคจัง ด่วนๆเลย,Server
ปิงสูงมาก เล่นไม่ได้เลย แก้ให้ที,Server
ช่วยด้วย เข้าเกมไม่ได้เลย ขึ้น error timeout รบกวนด้วยครับ,Server
สอบถามหน่อยครับ เซิร์ฟเวอร์ TH-1 ล่มเหรอครับ แก้ให้ที,Server
แอดมินครับ ล็อกอินเข้าเซิร์ฟเวอร์ไม่ได้ ด่วนๆเลย,Server
กำลังเล่นอยู่แล้วเกมเด้งหลุดจากเซิร์ฟ รบกวนด้วยครับ,Server
เซิร์ฟเวอร์ Asia ล่มเหรอครับ ด่วนๆเลย,Server
ล็อกอินเข้าเซิร์ฟเวอร์ไม่ได้ ด่วนๆเลย,Server
แอดมินครับ ขอวิธีย้ายเซิร์ฟเวอร์หน่อย ขอบคุณครับ,Server
ช่วยด้วย เซิร์ฟเวอร์ Global ล่มเหรอครับ รบกวนด้วยครับ,Server
ช่วยด้วย กำลังเล่นอยู่แล้วเกมเด้งหลุดจากเซิร์ฟ ขอบคุณครับ,Server
ช่วยด้วย กำลังเล่นอยู่แล้วเกมเด้งหลุดจากเซิร์ฟ,Server
คือว่า กำลังเล่นอยู่แล้วเกมเด้งหลุดจากเซิร์ฟ ด่วนๆเลย,Server
เข้าเกมไม่ได้เลย ขึ้น error 404 ขอบคุณครับ,Server
ช่วยด้วย เซิร์ฟเวอร์ TH-1 ล่มเหรอครับ ขอบคุณครับ,Server
ช่วยด้วย ทำไมเซิร์ฟนี้แลคจัง,Server
ช่วยด้วย หลุดบ่อยมาก แก้ไขหน่อย,Server
ช่วยด้วย ขอวิธีย้ายเซิร์ฟเวอร์หน่อย แก้ให้ที,Server
สอบถามหน่อยครับ ล็อกอินเข้าเซิร์ฟเวอร์ไม่ได้,Server
ช่วยด้วย ขอวิธีย้ายเซิร์ฟเวอร์หน่อย ด่วนๆเลย,Server
คือว่า ทำไมเซิร์ฟนี้แลคจัง รบกวนด้วยครับ,Server
เซิร์ฟเวอร์ Asia ล่มเหรอครับ,Server
สอบถามหน่อยครับ เซิร์ฟเวอร์จะเปิดตอนไหน ด่วนๆเลย,Server
แอดมินครับ เซิร์ฟเวอร์จะเปิดตอนไหน ด่วนๆเลย,Server
ช่วยด้วย เชื่อมต่อเซิร์ฟเวอร์ล้มเหลว แก้ให้ที,Server
ทำไมเซิร์ฟนี้แลคจัง ขอบคุณครับ,Server
สอบถามหน่อยครับ ทำไมเซิร์ฟนี้แลคจัง ขอบคุณครับ,Server
สอบถามหน่อยครับ เข้าเกมไม่ได้เลย ขึ้น error timeout,Server
แอดมินครับ กำลังเล่นอยู่แล้วเกมเด้งหลุดจากเซิร์ฟ แก้ให้ที,Server
คือว่า เซิร์ฟเวอร์จะเปิดตอนไหน ขอบคุณครับ,Server
สอบถามหน่อยครับ เชื่อมต่อเซิร์ฟเวอร์ล้มเหลว,Server
แอดมินครับ กำลังเล่นอยู่แล้วเกมเด้งหลุดจากเซิร์ฟ ขอบคุณครับ,Server
สอบถามหน่อยครับ เซิร์ฟเวอร์ Asia ล่มเหรอครับ,Server
แอดมินครับ ขอวิธีย้ายเซิร์ฟเวอร์หน่อย,Server
สอบถามหน่อยครับ ขอวิธีย้ายเซิร์ฟเวอร์หน่อย ขอบคุณครับ,Server
เชื่อมต่อเซิร์ฟเวอร์ล้มเหลว ด่วนๆเลย,Server
คือว่า ล็อกอินเข้าเซิร์ฟเวอร์ไม่ได้ รบกวนด้วยครับ,Server
แอดมินครับ ปิงสูงมาก เล่นไม่ได้เลย ขอบคุณครับ,Server
สอบถามหน่อยครับ เซิร์ฟเวอร์ TH-1 ล่มเหรอครับ ด่วนๆเลย,Server
คือว่า เชื่อมต่อเซิร์ฟเวอร์ล้มเหลว แก้ให้ที,Server
ช่วยด้วย ปิงสูงมาก เล่นไม่ได้เลย ด่วนๆเลย,Server
ช่วยด้วย สกิล อัลติ ใช้ยังไง ด่วนๆเลย,Gameplay
แอดมินครับ อาชีพไหนฟาร์มเก่งสุด ด่วนๆเลย,Gameplay
ช่วยด้วย ระบบกิลด์ทำอะไรได้บ้าง ขอบคุณครับ,Gameplay
สอบถามหน่อยครับ ด่าน บอสลับ ผ่านยังไงครับ ยากมาก แก้ให้ที,Gameplay
แอดมินครับ อาชีพไหนฟาร์มเก่งสุด,Gameplay
ด่าน ดันเจี้ยนประจำวัน ผ่านยังไงครับ ยากมาก ขอบคุณครับ,Gameplay
แอดมินครับ อาชีพไหนฟาร์มเก่งสุด แก้ให้ที,Gameplay
คือว่า ด่าน ดันเจี้ยนประจำวัน ผ่านยังไงครับ ยากมาก ขอบคุณครับ,Gameplay
แอดมินครับ หาไอเทม เพชร ได้จากไหน ขอบคุณครับ,Gameplay
ระบบกิลด์ทำอะไรได้บ้าง,Gameplay
ช่วยด้วย หาไอเทม ทอง ได้จากไหน รบกวนด้วยครับ,Gameplay
ช่วยด้วย หาไอเทม กล่องสุ่ม ได้จากไหน,Gameplay
คือว่า ทำไมตีบอสไม่เข้าเลย,Gameplay
ช่วยด้วย หาไอเทม กล่องสุ่ม ได้จากไหน รบกวนด้วยครับ,Gameplay
ช่วยด้วย กิจกรรมใหม่เล่นยังไง ขอบคุณครับ,Gameplay
ช่วยด้วย สกิล ฮีล ใช้ยังไง,Gameplay
ช่วยด้วย ระบบกิลด์ทำอะไรได้บ้าง แก้ให้ที,Gameplay
เควสนี้ทำยังไง เดินหาตั้งนาน ด่วนๆเลย,Gameplay
ช่วยด้วย สอนคอมโบสกิลหน่อยครับ,Gameplay
สอบถามหน่อยครับ อัพเกรด ทอง ทำยังไง ด่วนๆเลย,Gameplay
ช่วยด้วย สอนคอมโบสกิลหน่อยครับ ด่วนๆเลย,Gameplay
แอดมินครับ ด่าน 1-1 ผ่านยังไงครับ ยากมาก ขอบคุณครับ,Gameplay
สอนคอมโบสกิลหน่อยครับ รบกวนด้วยครับ,Gameplay
แอดมินครับ สอนคอมโบสกิลหน่อยครับ ขอบคุณครับ,Gameplay
สอบถามหน่อยครับ ทำไมตีบอสไม่เข้าเลย ด่วนๆเลย,Gameplay
ช่วยด้วย อัพเกรด สกิน ทำยังไง ขอบคุณครับ,Gameplay
กิจกรรมใหม่เล่นยังไง รบกวนด้วยครับ,Gameplay
ช่วยด้วย สอนคอมโบสกิลหน่อยครับ รบกวนด้วยครับ,Gameplay
คือว่า สกิล ฮีล ใช้ยังไง ด่วนๆเลย,Gameplay
สอบถามหน่อยครับ สกิล สตัน ใช้ยังไง แก้ให้ที,Gameplay
ช่วยด้วย สกิล พาสซีฟ ใช้ยังไง ด่วนๆเลย,Gameplay
ช่วยด้วย อัพเกรด กล่องสุ่ม ทำยังไง,Gameplay
เควสนี้ทำยังไง เดินหาตั้งนาน แก้ให้ที,Gameplay
ช่วยด้วย ระบบกิลด์ทำอะไรได้บ้าง แก้ให้ที,Gameplay
สอบถามหน่อยครับ กิจกรรมใหม่เล่นยังไง,Gameplay
ช่วยด้วย อัพเกรด สกิน ทำยังไง รบกวนด้วยครับ,Gameplay
ด่าน ดันเจี้ยนประจำวัน ผ่านยังไงครับ ยากมาก แก้ให้ที,Gameplay
สอบถามหน่อยครับ สกิล สตัน ใช้ยังไง แก้ให้ที,Gameplay
คือว่า ทำไมตีบอสไม่เข้าเลย ด่วนๆเลย,Gameplay
ช่วยด้วย อัพเกรด กล่องสุ่ม ทำยังไง ด่วนๆเลย,Gameplay
คือว่า เควสนี้ทำยังไง เดินหาตั้งนาน ด่วนๆเลย,Gameplay
ด่าน หอคอยชั้น 50 ผ่านยังไงครับ ยากมาก แก้ให้ที,Gameplay
สอบถามหน่อยครับ ทำไมตีบอสไม่เข้าเลย แก้ให้ที,Gameplay
สอบถามหน่อยครับ เควสนี้ทำยังไง เดินหาตั้งนาน แก้ให้ที,Gameplay
อัพเกรด ทอง ทำยังไง ด่วนๆเลย,Gameplay
คือว่า ทำไมตีบอสไม่เข้าเลย,Gameplay
คือว่า ระบบกิลด์ทำอะไรได้บ้าง แก้ให้ที,Gameplay
สอบถามหน่อยครับ ระบบกิลด์ทำอะไรได้บ้าง รบกวนด้วยครับ,Gameplay
สอนคอมโบสกิลหน่อยครับ ด่วนๆเลย,Gameplay
แอดมินครับ หาไอเทม แพ็กเกจรายเดือน ได้จากไหน แก้ให้ที,Gameplay
คือว่า ด่าน บอสลับ ผ่านยังไงครับ ยากมาก แก้ให้ที,Gameplay
อัพเกรด กล่องสุ่ม ทำยังไง แก้ให้ที,Gameplay
สกิล พาสซีฟ ใช้ยังไง ขอบคุณครับ,Gameplay
สอบถามหน่อยครับ อัพเกรด ทอง ทำยังไง แก้ให้ที,Gameplay
ช่วยด้วย สอนคอมโบสกิลหน่อยครับ ด่วนๆเลย,Gameplay
แอดมินครับ อาชีพไหนฟาร์มเก่งสุด ด่วนๆเลย,Gameplay
คือว่า ด่าน ดันเจี้ยนประจำวัน ผ่านยังไงครับ ยากมาก ขอบคุณครับ,Gameplay
สอบถามหน่อยครับ สกิล ฮีล ใช้ยังไง ด่วนๆเลย,Gameplay
คือว่า หาไอเทม สกิน ได้จากไหน ด่วนๆเลย,Gameplay
คือว่า อาชีพไหนฟาร์มเก่งสุด แก้ให้ที,Gameplay
แอดมินครับ สอนคอมโบสกิลหน่อยครับ ขอบคุณครับ,Gameplay
คือว่า เควสนี้ทำยังไง เดินหาตั้งนาน แก้ให้ที,Gameplay
ช่วยด้วย ทำไมตีบอสไม่เข้าเลย แก้ให้ที,Gameplay
ช่วยด้วย หาไอเทม ทอง ได้จากไหน แก้ให้ที,Gameplay
แอดมินครับ ด่าน หอคอยชั้น 50 ผ่านยังไงครับ ยากมาก รบกวนด้วยครับ,Gameplay
คือว่า สกิล พุ่งชน ใช้ยังไง ขอบคุณครับ,Gameplay
ช่วยด้วย อาชีพไหนฟาร์มเก่งสุด ด่วนๆเลย,Gameplay
คือว่า กิจกรรมใหม่เล่นยังไง,Gameplay
แอดมินครับ สอนคอมโบสกิลหน่อยครับ รบกวนด้วยครับ,Gameplay
ช่วยด้วย อาชีพไหนฟาร์มเก่งสุด ขอบคุณครับ,Gameplay
แอดมินครับ หาไอเทม ตั๋วสุ่ม ได้จากไหน ขอบคุณครับ,Gameplay
ช่วยด้วย เควสนี้ทำยังไง เดินหาตั้งนาน,Gameplay
คือว่า กิจกรรมใหม่เล่นยังไง แก้ให้ที,Gameplay
ช่วยด้วย อาชีพไหนฟาร์มเก่งสุด ด่วนๆเลย,Gameplay
แอดมินครับ ทำไมตีบอสไม่เข้าเลย แก้ให้ที,Gameplay
แอดมินครับ อาชีพไหนฟาร์มเก่งสุด แก้ให้ที,Gameplay
ช่วยด้วย ระบบกิลด์ทำอะไรได้บ้าง,Gameplay
แอดมินครับ ทำไมตีบอสไม่เข้าเลย แก้ให้ที,Gameplay
เควสนี้ทำยังไง เดินหาตั้งนาน,Gameplay
สอบถามหน่อยครับ ระบบกิลด์ทำอะไรได้บ้าง,Gameplay
ช่วยด้วย สอนคอมโบสกิลหน่อยครับ รบกวนด้วยครับ,Gameplay
ช่วยด้วย อาชีพไหนฟาร์มเก่งสุด แก้ให้ที,Gameplay
อาชีพไหนฟาร์มเก่งสุด ขอบคุณครับ,Gameplay
อัพเกรด กล่องสุ่ม ทำยังไง รบกวนด้วยครับ,Gameplay
สอบถามหน่อยครับ กิจกรรมใหม่เล่นยังไง ด่วนๆเลย,Gameplay
แอดมินครับ หาไอเทม สกิน ได้จากไหน แก้ให้ที,Gameplay
ช่วยด้วย เควสนี้ทำยังไง เดินหาตั้งนาน,Gameplay
สอบถามหน่อยครับ กิจกรรมใหม่เล่นยังไง ด่วนๆเลย,Gameplay
แอดมินครับ ด่าน หอคอยชั้น 50 ผ่านยังไงครับ ยากมาก รบกวนด้วยครับ,Gameplay
สอบถามหน่อยครับ ทำไมตีบอสไม่เข้าเลย,Gameplay
สอบถามหน่อยครับ สอนคอมโบสกิลหน่อยครับ ด่วนๆเลย,Gameplay
อัพเกรด ทอง ทำยังไง แก้ให้ที,Gameplay
สอบถามหน่อยครับ เควสนี้ทำยังไง เดินหาตั้งนาน รบกวนด้วยครับ,Gameplay
สอบถามหน่อยครับ อาชีพไหนฟาร์มเก่งสุด ด่วนๆเลย,Gameplay
ระบบกิลด์ทำอะไรได้บ้าง,Gameplay
ช่วยด้วย อัพเกรด แพ็กเกจรายเดือน ทำยังไง ด่วนๆเลย,Gameplay
ช่วยด้วย เควสนี้ทำยังไง เดินหาตั้งนาน รบกวนด้วยครับ,Gameplay
ช่วยด้วย หาไอเทม เพชร ได้จากไหน แก้ให้ที,Gameplay
สอบถามหน่อยครับ สอนคอมโบสกิลหน่อยครับ ด่วนๆเลย,Gameplay
สอบถามหน่อยครับ ด่าน 5-10 ผ่านยังไงครับ ยากมาก,Gameplay
แอดมินครับ หาไอเทม เพชร ได้จากไหน ด่วนๆเลย,Gameplay
กิจกรรมใหม่เล่นยังไง,Gameplay
ทำไมตีบอสไม่เข้าเลย,Gameplay
คือว่า ด่าน 5-10 ผ่านยังไงครับ ยากมาก รบกวนด้วยครับ,Gameplay
แอดมินครับ สกิล อัลติ ใช้ยังไง รบกวนด้วยครับ,Gameplay
ช่วยด้วย ทำไมตีบอสไม่เข้าเลย รบกวนด้วยครับ,Gameplay
สอบถามหน่อยครับ สกิล พุ่งชน ใช้ยังไง แก้ให้ที,Gameplay
แอดมินครับ ระบบกิลด์ทำอะไรได้บ้าง,Gameplay
แอดมินครับ ด่าน บอสลับ ผ่านยังไงครับ ยากมาก ด่วนๆเลย,Gameplay
สอบถามหน่อยครับ เควสนี้ทำยังไง เดินหาตั้งนาน แก้ให้ที,Gameplay
แอดมินครับ หาไอเทม เพชร ได้จากไหน ขอบคุณครับ,Gameplay
กิจกรรมใหม่เล่นยังไง ขอบคุณครับ,Gameplay
แอดมินครับ ด่าน 1-1 ผ่านยังไงครับ ยากมาก รบกวนด้วยครับ,Gameplay
ช่วยด้วย สกิล ฮีล ใช้ยังไง แก้ให้ที,Gameplay
สอบถามหน่อยครับ กิจกรรมใหม่เล่นยังไง รบกวนด้วยครับ,Gameplay
อาชีพไหนฟาร์มเก่งสุด ด่วนๆเลย,Gameplay
สอบถามหน่อยครับ ทำไมตีบอสไม่เข้าเลย รบกวนด้วยครับ,Gameplay
ช่วยด้วย กิจกรรมใหม่เล่นยังไง รบกวนด้วยครับ,Gameplay
คือว่า หาไอเทม ตั๋วสุ่ม ได้จากไหน ขอบคุณครับ,Gameplay
คือว่า เควสนี้ทำยังไง เดินหาตั้งนาน ด่วนๆเลย,Gameplay
คือว่า หาไอเทม กล่องสุ่ม ได้จากไหน ด่วนๆเลย,Gameplay
แอดมินครับ ทำไมตีบอสไม่เข้าเลย ขอบคุณครับ,Gameplay
สอบถามหน่อยครับ ด่าน บอสลับ ผ่านยังไงครับ ยากมาก รบกวนด้วยครับ,Gameplay
ช่วยด้วย เควสนี้ทำยังไง เดินหาตั้งนาน รบกวนด้วยครับ,Gameplay
แอดมินครับ อาชีพไหนฟาร์มเก่งสุด รบกวนด้วยครับ,Gameplay
สอบถามหน่อยครับ หาไอเทม กล่องสุ่ม ได้จากไหน รบกวนด้วยครับ,Gameplay
ช่วยด้วย อัพเกรด สกิน ทำยังไง ขอบคุณครับ,Gameplay
แอดมินครับ หาไอเทม กล่องสุ่ม ได้จากไหน,Gameplay
คือว่า ระบบกิลด์ทำอะไรได้บ้าง รบกวนด้วยครับ,Gameplay
ช่วยด้วย ระบบกิลด์ทำอะไรได้บ้าง,Gameplay
ช่วยด้วย หาไอเทม สกิน ได้จากไหน ขอบคุณครับ,Gameplay
คือว่า สอนคอมโบสกิลหน่อยครับ ขอบคุณครับ,Gameplay
สอบถามหน่อยครับ ระบบกิลด์ทำอะไรได้บ้าง ด่วนๆเลย,Gameplay
แอดมินครับ หาไอเทม สกิน ได้จากไหน แก้ให้ที,Gameplay
ช่วยด้วย สอนคอมโบสกิลหน่อยครับ,Gameplay
แอดมินครับ อาชีพไหนฟาร์มเก่งสุด ขอบคุณครับ,Gameplay
ด่าน หอคอยชั้น 50 ผ่านยังไงครับ ยากมาก รบกวนด้วยครับ,Gameplay
สกิล พาสซีฟ ใช้ยังไง ขอบคุณครับ,Gameplay
สอบถามหน่อยครับ กิจกรรมใหม่เล่นยังไง ขอบคุณครับ,Gameplay
ช่วยด้วย หาไอเทม กล่องสุ่ม ได้จากไหน รบกวนด้วยครับ,Gameplay
สอบถามหน่อยครับ หาไอเทม ตั๋วสุ่ม ได้จากไหน รบกวนด้วยครับ,Gameplay
แอดมินครับ ด่าน หอคอยชั้น 50 ผ่านยังไงครับ ยากมาก แก้ให้ที,Gameplay
อัพเกรด แพ็กเกจรายเดือน ทำยังไง แก้ให้ที,Gameplay
ทำไมตีบอสไม่เข้าเลย รบกวนด้วยครับ,Gameplay
แอดมินครับ สกิล สตัน ใช้ยังไง,Gameplay
ช่วยด้วย ระบบกิลด์ทำอะไรได้บ้าง ขอบคุณครับ,Gameplay
แอดมินครับ อัพเกรด เพชร ทำยังไง,Gameplay
ช่วยด้วย สอนคอมโบสกิลหน่อยครับ ด่วนๆเลย,Gameplay
อัพเกรด สกิน ทำยังไง แก้ให้ที,Gameplay
ทำไมตีบอสไม่เข้าเลย ด่วนๆเลย,Gameplay
สอบถามหน่อยครับ กิจกรรมใหม่เล่นยังไง ขอบคุณครับ,Gameplay
ระบบกิลด์ทำอะไรได้บ้าง รบกวนด้วยครับ,Gameplay
แอดมินครับ ระบบกิลด์ทำอะไรได้บ้าง แก้ให้ที,Gameplay
แอดมินครับ อาชีพไหนฟาร์มเก่งสุด ด่วนๆเลย,Gameplay
ทำไมตีบอสไม่เข้าเลย แก้ให้ที,Gameplay
คือว่า สกิล พาสซีฟ ใช้ยังไง ขอบคุณครับ,Gameplay
อาชีพไหนฟาร์มเก่งสุด แก้ให้ที,Gameplay
สอบถามหน่อยครับ ระบบกิลด์ทำอะไรได้บ้าง แก้ให้ที,Gameplay
แอดมินครับ สอนคอมโบสกิลหน่อยครับ ด่วนๆเลย,Gameplay
อัพเกรด กล่องสุ่ม ทำยังไง ด่วนๆเลย,Gameplay
คือว่า กิจกรรมใหม่เล่นยังไง แก้ให้ที,Gameplay
สอบถามหน่อยครับ ทำไมตีบอสไม่เข้าเลย รบกวนด้วยครับ,Gameplay
ช่วยด้วย อัพเกรด แพ็กเกจรายเดือน ทำยังไง,Gameplay
คือว่า อาชีพไหนฟาร์มเก่งสุด,Gameplay
แอดมินครับ สกิล ฮีล ใช้ยังไง,Gameplay
ช่วยด้วย อัพเกรด กล่องสุ่ม ทำยังไง ด่วนๆเลย,Gameplay
เควสนี้ทำยังไง เดินหาตั้งนาน,Gameplay
ช่วยด้วย ระบบกิลด์ทำอะไรได้บ้าง,Gameplay
ช่วยด้วย สกิล อัลติ ใช้ยังไง ขอบคุณครับ,Gameplay
ทำไมตีบอสไม่เข้าเลย,Gameplay
กิจกรรมใหม่เล่นยังไง ด่วนๆเลย,Gameplay
ด่าน หอคอยชั้น 50 ผ่านยังไงครับ ยากมาก ขอบคุณครับ,Gameplay
สอบถามหน่อยครับ สกิล สตัน ใช้ยังไง รบกวนด้วยครับ,Gameplay
สอบถามหน่อยครับ อาชีพไหนฟาร์มเก่งสุด ด่วนๆเลย,Gameplay
แอดมินครับ หาไอเทม สกิน ได้จากไหน รบกวนด้วยครับ,Gameplay
อาชีพไหนฟาร์มเก่งสุด ขอบคุณครับ,Gameplay
อาชีพไหนฟาร์มเก่งสุด ขอบคุณครับ,Gameplay
แอดมินครับ ทำไมตีบอสไม่เข้าเลย รบกวนด้วยครับ,Gameplay
กิจกรรมใหม่เล่นยังไง ขอบคุณครับ,Gameplay
คือว่า สอนคอมโบสกิลหน่อยครับ แก้ให้ที,Gameplay
ช่วยด้วย เควสนี้ทำยังไง เดินหาตั้งนาน ด่วนๆเลย,Gameplay
ช่วยด้วย อัพเกรด เพชร ทำยังไง,Gameplay
คือว่า ระบบกิลด์ทำอะไรได้บ้าง,Gameplay
ช่วยด้วย อัพเกรด ทอง ทำยังไง,Gameplay
คือว่า กิจกรรมใหม่เล่นยังไง แก้ให้ที,Gameplay
ช่วยด้วย เควสนี้ทำยังไง เดินหาตั้งนาน แก้ให้ที,Gameplay
ช่วยด้วย หาไอเทม กล่องสุ่ม ได้จากไหน,Gameplay
แอดมินครับ ด่าน 5-10 ผ่านยังไงครับ ยากมาก ขอบคุณครับ,Gameplay
แอดมินครับ สกิล สตัน ใช้ยังไง,Gameplay
ช่วยด้วย หาไอเทม กล่องสุ่ม ได้จากไหน,Gameplay
อัพเกรด ทอง ทำยังไง รบกวนด้วยครับ,Gameplay
ช่วยด้วย อัพเกรด ตั๋วสุ่ม ทำยังไง แก้ให้ที,Gameplay
แอดมินครับ สกิล สตัน ใช้ยังไง,Gameplay
แอดมินครับ สอนคอมโบสกิลหน่อยครับ แก้ให้ที,Gameplay
คือว่า ทำไมตีบอสไม่เข้าเลย ขอบคุณครับ,Gameplay
แอดมินครับ เควสนี้ทำยังไง เดินหาตั้งนาน,Gameplay
เควสนี้ทำยังไง เดินหาตั้งนาน,Gameplay
แอดมินครับ สอนคอมโบสกิลหน่อยครับ รบกวนด้วยครับ,Gameplay
สอบถามหน่อยครับ สกิล ฮีล ใช้ยังไง ด่วนๆเลย,Gameplay
แอดมินครับ กิจกรรมใหม่เล่นยังไง ขอบคุณครับ,Gameplay
สอบถามหน่อยครับ อยากเปลี่ยนชื่อตัวละคร ขอบคุณครับ,Account
ผูกไอดีกับ Twitter ไม่ได้ รบกวนด้วยครับ,Account
ช่วยด้วย เปลี่ยนอีเมลที่ผูกกับไอดีได้ไหม ด่วนๆเลย,Account
สอบถามหน่อยครับ รหัสผ่านผิด ทั้งที่พิมพ์ถูกแล้ว รบกวนด้วยครับ,Account
คือว่า จะลบไอดีนี้ต้องทำไง แก้ให้ที,Account
ลืมรหัสผ่าน ต้องทำยังไง,Account
คือว่า ผูกไอดีกับ Google ไม่ได้,Account
คือว่า ลืมรหัสผ่าน ต้องทำยังไง ขอบคุณครับ,Account
คือว่า ลืมรหัสผ่าน ต้องทำยังไง แก้ให้ที,Account
สอบถามหน่อยครับ ไอดีโดนแฮก ขอวิธีกู้คืนหน่อย ขอบคุณครับ,Account
สอบถามหน่อยครับ โดนแบนแบบงงๆ ขอตรวจสอบหน่อย รบกวนด้วยครับ,Account
แอดมินครับ ล็อกอินด้วย Apple ID ไม่ได้ ด่วนๆเลย,Account
คือว่า เปลี่ยนอีเมลที่ผูกกับไอดีได้ไหม,Account
รหัสผ่านผิด ทั้งที่พิมพ์ถูกแล้ว ขอบคุณครับ,Account
สอบถามหน่อยครับ อยากเปลี่ยนชื่อตัวละคร,Account
สอบถามหน่อยครับ จะลบไอดีนี้ต้องทำไง รบกวนด้วยครับ,Account
ลืมรหัสผ่าน ต้องทำยังไง ขอบคุณครับ,Account
คือว่า ไอดีโดนแฮก ขอวิธีกู้คืนหน่อย ขอบคุณครับ,Account
ลืมรหัสผ่าน ต้องทำยังไง,Account
คือว่า ย้ายไอดีไปเครื่องใหม่ทำยังไง,Account
แอดมินครับ อยากเปลี่ยนชื่อตัวละคร ด่วนๆเลย,Account
ช่วยด้วย อยากเปลี่ยนชื่อตัวละคร,Account
คือว่า อยากเปลี่ยนชื่อตัวละคร รบกวนด้วยครับ,Account
ช่วยด้วย อยากเปลี่ยนชื่อตัวละคร รบกวนด้วยครับ,Account
ช่วยด้วย ไอดีโดนแฮก ขอวิธีกู้คืนหน่อย,Account
สอบถามหน่อยครับ เปลี่ยนอีเมลที่ผูกกับไอดีได้ไหม ด่วนๆเลย,Account
รหัสผ่านผิด ทั้งที่พิมพ์ถูกแล้ว รบกวนด้วยครับ,Account
คือว่า ลืมรหัสผ่าน ต้องทำยังไง แก้ให้ที,Account
แอดมินครับ โดนแบนแบบงงๆ ขอตรวจสอบหน่อย,Account
คือว่า จะลบไอดีนี้ต้องทำไง ขอบคุณครับ,Account
คือว่า ไอดีโดนแฮก ขอวิธีกู้คืนหน่อย ด่วนๆเลย,Account
คือว่า ผูกไอดีกับ Line ไม่ได้ แก้ให้ที,Account
ช่วยด้วย เปลี่ยนอีเมลที่ผูกกับไอดีได้ไหม,Account
ช่วยด้วย ย้ายไอดีไปเครื่องใหม่ทำยังไง รบกวนด้วยครับ,Account
ช่วยด้วย เปลี่ยนอีเมลที่ผูกกับไอดีได้ไหม แก้ให้ที,Account
โดนแบนแบบงงๆ ขอตรวจสอบหน่อย รบกวนด้วยครับ,Account
สอบถามหน่อยครับ ไอดีโดนแฮก ขอวิธีกู้คืนหน่อย ขอบคุณครับ,Account
แอดมินครับ ไอดีโดนแฮก ขอวิธีกู้คืนหน่อย ขอบคุณครับ,Account
ช่วยด้วย ย้ายไอดีไปเครื่องใหม่ทำยังไง ด่วนๆเลย,Account
ย้ายไอดีไปเครื่องใหม่ทำยังไง ด่วนๆเลย,Account
คือว่า รหัสผ่านผิด ทั้งที่พิมพ์ถูกแล้ว ขอบคุณครับ,Account
แอดมินครับ ล็อกอินด้วย Google ไม่ได้ รบกวนด้วยครับ,Account
แอดมินครับ ผูกไอดีกับ Google ไม่ได้ ขอบคุณครับ,Account
ผูกไอดีกับ Line ไม่ได้ รบกวนด้วยครับ,Account
คือว่า รหัสผ่านผิด ทั้งที่พิมพ์ถูกแล้ว ด่วนๆเลย,Account
แอดมินครับ ย้ายไอดีไปเครื่องใหม่ทำยังไง ด่วนๆเลย,Account
ย้ายไอดีไปเครื่องใหม่ทำยังไง ขอบคุณครับ,Account
คือว่า ล็อกอินด้วย Google ไม่ได้ แก้ให้ที,Account
สอบถามหน่อยครับ เปลี่ยนอีเมลที่ผูกกับไอดีได้ไหม ด่วนๆเลย,Account
สอบถามหน่อยครับ จะลบไอดีนี้ต้องทำไง รบกวนด้วยครับ,Account
สอบถามหน่อยครับ ย้ายไอดีไปเครื่องใหม่ทำยังไง ด่วนๆเลย,Account
แอดมินครับ ไอดีโดนแฮก ขอวิธีกู้คืนหน่อย แก้ให้ที,Account
แอดมินครับ ลืมรหัสผ่าน ต้องทำยังไง แก้ให้ที,Account
คือว่า ผูกไอดีกับ Google ไม่ได้ รบกวนด้วยครับ,Account
ย้ายไอดีไปเครื่องใหม่ทำยังไง รบกวนด้วยครับ,Account
คือว่า ลืมรหัสผ่าน ต้องทำยังไง ขอบคุณครับ,Account
สอบถามหน่อยครับ ผูกไอดีกับ Apple ID ไม่ได้ ด่วนๆเลย,Account
แอดมินครับ ย้ายไอดีไปเครื่องใหม่ทำยังไง,Account
สอบถามหน่อยครับ ผูกไอดีกับ Twitter ไม่ได้ ขอบคุณครับ,Account
ล็อกอินด้วย Twitter ไม่ได้ ด่วนๆเลย,Account
แอดมินครับ อยากเปลี่ยนชื่อตัวละคร แก้ให้ที,Account
เปลี่ยนอีเมลที่ผูกกับไอดีได้ไหม ขอบคุณครับ,Account
คือว่า จะลบไอดีนี้ต้องทำไง,Account
อยากเปลี่ยนชื่อตัวละคร แก้ให้ที,Account
สอบถามหน่อยครับ โดนแบนแบบงงๆ ขอตรวจสอบหน่อย,Account
สอบถามหน่อยครับ ล็อกอินด้วย Facebook ไม่ได้,Account
แอดมินครับ ล็อกอินด้วย Apple ID ไม่ได้,Account
แอดมินครับ ล็อกอินด้วย Google ไม่ได้ ด่วนๆเลย,Account
สอบถามหน่อยครับ ไอดีโดนแฮก ขอวิธีกู้คืนหน่อย แก้ให้ที,Account
คือว่า โดนแบนแบบงงๆ ขอตรวจสอบหน่อย ขอบคุณครับ,Account
ช่วยด้วย โดนแบนแบบงงๆ ขอตรวจสอบหน่อย แก้ให้ที,Account
ช่วยด้วย ผูกไอดีกับ Facebook ไม่ได้ ขอบคุณครับ,Account
แอดมินครับ ผูกไอดีกับ Facebook ไม่ได้,Account
แอดมินครับ โดนแบนแบบงงๆ ขอตรวจสอบหน่อย,Account
ลืมรหัสผ่าน ต้องทำยังไง แก้ให้ที,Account
แอดมินครับ อยากเปลี่ยนชื่อตัวละคร ด่วนๆเลย,Account
แอดมินครับ อยากเปลี่ยนชื่อตัวละคร,Account
คือว่า อยากเปลี่ยนชื่อตัวละคร แก้ให้ที,Account
โดนแบนแบบงงๆ ขอตรวจสอบหน่อย แก้ให้ที,Account
คือว่า เปลี่ยนอีเมลที่ผูกกับไอดีได้ไหม ด่วนๆเลย,Account
จะลบไอดีนี้ต้องทำไง รบกวนด้วยครับ,Account
คือว่า โดนแบนแบบงงๆ ขอตรวจสอบหน่อย แก้ให้ที,Account
สอบถามหน่อยครับ รหัสผ่านผิด ทั้งที่พิมพ์ถูกแล้ว ขอบคุณครับ,Account
คือว่า ย้ายไอดีไปเครื่องใหม่ทำยังไง แก้ให้ที,Account
แอดมินครับ รหัสผ่านผิด ทั้งที่พิมพ์ถูกแล้ว รบกวนด้วยครับ,Account
แอดมินครับ เปลี่ยนอีเมลที่ผูกกับไอดีได้ไหม รบกวนด้วยครับ,Account
ช่วยด้วย อยากเปลี่ยนชื่อตัวละคร ด่วนๆเลย,Account
สอบถามหน่อยครับ ล็อกอินด้วย Facebook ไม่ได้,Account
จะลบไอดีนี้ต้องทำไง ด่วนๆเลย,Account
ย้ายไอดีไปเครื่องใหม่ทำยังไง ด่วนๆเลย,Account
แอดมินครับ ล็อกอินด้วย Twitter ไม่ได้ ด่วนๆเลย,Account
แอดมินครับ อยากเปลี่ยนชื่อตัวละคร ขอบคุณครับ,Account
แอดมินครับ ย้ายไอดีไปเครื่องใหม่ทำยังไง ด่วนๆเลย,Account
ไอดีโดนแฮก ขอวิธีกู้คืนหน่อย,Account
ช่วยด้วย ล็อกอินด้วย Facebook ไม่ได้,Account
ช่วยด้วย เปลี่ยนอีเมลที่ผูกกับไอดีได้ไหม ด่วนๆเลย,Account
โดนแบนแบบงงๆ ขอตรวจสอบหน่อย รบกวนด้วยครับ,Account
ช่วยด้วย ลืมรหัสผ่าน ต้องทำยังไง แก้ให้ที,Account
สอบถามหน่อยครับ ย้ายไอดีไปเครื่องใหม่ทำยังไง ขอบคุณครับ,Account
ช่วยด้วย เปลี่ยนอีเมลที่ผูกกับไอดีได้ไหม แก้ให้ที,Account
ไอดีโดนแฮก ขอวิธีกู้คืนหน่อย รบกวนด้วยครับ,Account
ผูกไอดีกับ Line ไม่ได้,Account
สอบถามหน่อยครับ ไอดีโดนแฮก ขอวิธีกู้คืนหน่อย แก้ให้ที,Account
สอบถามหน่อยครับ โดนแบนแบบงงๆ ขอตรวจสอบหน่อย ขอบคุณครับ,Account
แอดมินครับ อยากเปลี่ยนชื่อตัวละคร รบกวนด้วยครับ,Account
ช่วยด้วย จะลบไอดีนี้ต้องทำไง ด่วนๆเลย,Account
ช่วยด้วย โดนแบนแบบงงๆ ขอตรวจสอบหน่อย ขอบคุณครับ,Account
คือว่า โดนแบนแบบงงๆ ขอตรวจสอบหน่อย รบกวนด้วยครับ,Account
แอดมินครับ ลืมรหัสผ่าน ต้องทำยังไง รบกวนด้วยครับ,Account
คือว่า โดนแบนแบบงงๆ ขอตรวจสอบหน่อย ขอบคุณครับ,Account
ลืมรหัสผ่าน ต้องทำยังไง ด่วนๆเลย,Account
จะลบไอดีนี้ต้องทำไง ด่วนๆเลย,Account
ลืมรหัสผ่าน ต้องทำยังไง ด่วนๆเลย,Account
แอดมินครับ จะลบไอดีนี้ต้องทำไง รบกวนด้วยครับ,Account
คือว่า ย้ายไอดีไปเครื่องใหม่ทำยังไง ด่วนๆเลย,Account
เปลี่ยนอีเมลที่ผูกกับไอดีได้ไหม ขอบคุณครับ,Account
ช่วยด้วย ย้ายไอดีไปเครื่องใหม่ทำยังไง ขอบคุณครับ,Account
สอบถามหน่อยครับ โดนแบนแบบงงๆ ขอตรวจสอบหน่อย,Account
แอดมินครับ ย้ายไอดีไปเครื่องใหม่ทำยังไง,Account
ย้ายไอดีไปเครื่องใหม่ทำยังไง,Account
ช่วยด้วย ไอดีโดนแฮก ขอวิธีกู้คืนหน่อย แก้ให้ที,Account
คือว่า โดนแบนแบบงงๆ ขอตรวจสอบหน่อย รบกวนด้วยครับ,Account
สอบถามหน่อยครับ ย้ายไอดีไปเครื่องใหม่ทำยังไง ขอบคุณครับ,Account
คือว่า ล็อกอินด้วย Apple ID ไม่ได้ แก้ให้ที,Account
สอบถามหน่อยครับ ไอดีโดนแฮก ขอวิธีกู้คืนหน่อย ด่วนๆเลย,Account
ช่วยด้วย จะลบไอดีนี้ต้องทำไง แก้ให้ที,Account
แอดมินครับ รหัสผ่านผิด ทั้งที่พิมพ์ถูกแล้ว รบกวนด้วยครับ,Account
แอดมินครับ ผูกไอดีกับ Line ไม่ได้ แก้ให้ที,Account
แอดมินครับ ลืมรหัสผ่าน ต้องทำยังไง แก้ให้ที,Account
ช่วยด้วย ลืมรหัสผ่าน ต้องทำยังไง ด่วนๆเลย,Account
คือว่า ล็อกอินด้วย Google ไม่ได้ รบกวนด้วยครับ,Account
สอบถามหน่อยครับ รหัสผ่านผิด ทั้งที่พิมพ์ถูกแล้ว แก้ให้ที,Account
ช่วยด้วย ลืมรหัสผ่าน ต้องทำยังไง ด่วนๆเลย,Account
จะลบไอดีนี้ต้องทำไง แก้ให้ที,Account
แอดมินครับ เปลี่ยนอีเมลที่ผูกกับไอดีได้ไหม แก้ให้ที,Account
แอดมินครับ จะลบไอดีนี้ต้องทำไง,Account
ช่วยด้วย ไอดีโดนแฮก ขอวิธีกู้คืนหน่อย ด่วนๆเลย,Account
คือว่า อยากเปลี่ยนชื่อตัวละคร รบกวนด้วยครับ,Account
แอดมินครับ ไอดีโดนแฮก ขอวิธีกู้คืนหน่อย รบกวนด้วยครับ,Account
สอบถามหน่อยครับ เปลี่ยนอีเมลที่ผูกกับไอดีได้ไหม,Account
คือว่า อยากเปลี่ยนชื่อตัวละคร รบกวนด้วยครับ,Account
จะลบไอดีนี้ต้องทำไง รบกวนด้วยครับ,Account
คือว่า เปลี่ยนอีเมลที่ผูกกับไอดีได้ไหม ขอบคุณครับ,Account
คือว่า ไอดีโดนแฮก ขอวิธีกู้คืนหน่อย รบกวนด้วยครับ,Account
สอบถามหน่อยครับ อยากเปลี่ยนชื่อตัวละคร แก้ให้ที,Account
แอดมินครับ อยากเปลี่ยนชื่อตัวละคร ขอบคุณครับ,Account
สอบถามหน่อยครับ รหัสผ่านผิด ทั้งที่พิมพ์ถูกแล้ว รบกวนด้วยครับ,Account
แอดมินครับ รหัสผ่านผิด ทั้งที่พิมพ์ถูกแล้ว แก้ให้ที,Account
คือว่า โดนแบนแบบงงๆ ขอตรวจสอบหน่อย ด่วนๆเลย,Account
ช่วยด้วย ลืมรหัสผ่าน ต้องทำยังไง ด่วนๆเลย,Account
คือว่า จะลบไอดีนี้ต้องทำไง,Account
เปลี่ยนอีเมลที่ผูกกับไอดีได้ไหม ขอบคุณครับ,Account
ช่วยด้วย ล็อกอินด้วย Line ไม่ได้ ด่วนๆเลย,Account
สอบถามหน่อยครับ ผูกไอดีกับ Apple ID ไม่ได้,Account
สอบถามหน่อยครับ ผูกไอดีกับ Line ไม่ได้ รบกวนด้วยครับ,Account
คือว่า ไอดีโดนแฮก ขอวิธีกู้คืนหน่อย รบกวนด้วยครับ,Account
สอบถามหน่อยครับ ไอดีโดนแฮก ขอวิธีกู้คืนหน่อย แก้ให้ที,Account
แอดมินครับ ย้ายไอดีไปเครื่องใหม่ทำยังไง แก้ให้ที,Account
สอบถามหน่อยครับ ย้ายไอดีไปเครื่องใหม่ทำยังไง รบกวนด้วยครับ,Account
สอบถามหน่อยครับ โดนแบนแบบงงๆ ขอตรวจสอบหน่อย แก้ให้ที,Account
คือว่า ไอดีโดนแฮก ขอวิธีกู้คืนหน่อย แก้ให้ที,Account
คือว่า จะลบไอดีนี้ต้องทำไง รบกวนด้วยครับ,Account
ไอดีโดนแฮก ขอวิธีกู้คืนหน่อย ขอบคุณครับ,Account
ลืมรหัสผ่าน ต้องทำยังไง ด่วนๆเลย,Account
ช่วยด้วย ผูกไอดีกับ Facebook ไม่ได้ ด่วนๆเลย,Account
แอดมินครับ ลืมรหัสผ่าน ต้องทำยังไง,Account
สอบถามหน่อยครับ ล็อกอินด้วย Facebook ไม่ได้ ด่วนๆเลย,Account
คือว่า อยากเปลี่ยนชื่อตัวละคร แก้ให้ที,Account
แอดมินครับ รหัสผ่านผิด ทั้งที่พิมพ์ถูกแล้ว ขอบคุณครับ,Account
คือว่า จะลบไอดีนี้ต้องทำไง รบกวนด้วยครับ,Account
โดนแบนแบบงงๆ ขอตรวจสอบหน่อย แก้ให้ที,Account
ช่วยด้วย อยากเปลี่ยนชื่อตัวละคร แก้ให้ที,Account
สอบถามหน่อยครับ ย้ายไอดีไปเครื่องใหม่ทำยังไง ขอบคุณครับ,Account
ช่วยด้วย รหัสผ่านผิด ทั้งที่พิมพ์ถูกแล้ว รบกวนด้วยครับ,Account
อยากเปลี่ยนชื่อตัวละคร รบกวนด้วยครับ,Account
รหัสผ่านผิด ทั้งที่พิมพ์ถูกแล้ว รบกวนด้วยครับ,Account
สอบถามหน่อยครับ เปลี่ยนอีเมลที่ผูกกับไอดีได้ไหม,Account
สอบถามหน่อยครับ ผูกไอดีกับ Facebook ไม่ได้ ขอบคุณครับ,Account
สอบถามหน่อยครับ โดนแบนแบบงงๆ ขอตรวจสอบหน่อย แก้ให้ที,Account
สอบถามหน่อยครับ ลืมรหัสผ่าน ต้องทำยังไง ด่วนๆเลย,Account
คือว่า ลืมรหัสผ่าน ต้องทำยังไง รบกวนด้วยครับ,Account
ช่วยด้วย เปลี่ยนอีเมลที่ผูกกับไอดีได้ไหม,Account
สอบถามหน่อยครับ ย้ายไอดีไปเครื่องใหม่ทำยังไง แก้ให้ที,Account
ช่วยด้วย ล็อกอินด้วย Apple ID ไม่ได้ รบกวนด้วยครับ,Account
ช่วยด้วย เปลี่ยนอีเมลที่ผูกกับไอดีได้ไหม ขอบคุณครับ,Account
ช่วยด้วย อยากเปลี่ยนชื่อตัวละคร ด่วนๆเลย,Account
แอดมินครับ อยากเปลี่ยนชื่อตัวละคร,Account
ช่วยด้วย ผูกไอดีกับ Apple ID ไม่ได้ รบกวนด้วยครับ,Account
คือว่า โดนแบนแบบงงๆ ขอตรวจสอบหน่อย ด่วนๆเลย,Account
แอดมินครับ โดนแบนแบบงงๆ ขอตรวจสอบหน่อย ด่วนๆเลย,Account
ช่วยด้วย ลืมรหัสผ่าน ต้องทำยังไง แก้ให้ที,Account
คือว่า ลืมรหัสผ่าน ต้องทำยังไง แก้ให้ที,Account
คือว่า อยากเปลี่ยนชื่อตัวละคร แก้ให้ที,Account
คือว่า ย้ายไอดีไปเครื่องใหม่ทำยังไง,Account
คือว่า ลืมรหัสผ่าน ต้องทำยังไง ขอบคุณครับ,Account
คือว่า ลืมรหัสผ่าน ต้องทำยังไง ด่วนๆเลย,Account
แอดมินครับ ลืมรหัสผ่าน ต้องทำยังไง รบกวนด้วยครับ,Account
คือว่า ย้ายไอดีไปเครื่องใหม่ทำยังไง ขอบคุณครับ,Account
แอดมินครับ ย้ายไอดีไปเครื่องใหม่ทำยังไง ด่วนๆเลย,Account
ช่วยด้วย เปลี่ยนอีเมลที่ผูกกับไอดีได้ไหม รบกวนด้วยครับ,Account
สอบถามหน่อยครับ บัคตัวละครลอยค้างบนฟ้า แก้ให้ที,Bug
สอบถามหน่อยครับ กดรับของรางวัลไม่ได้ ด่วนๆเลย,Bug
สอบถามหน่อยครับ มอนสเตอร์ไม่เกิด บัคแน่ๆ รบกวนด้วยครับ,Bug
บัคเสียงหาย ไม่ได้ยินเสียงเกม รบกวนด้วยครับ,Bug
แอดมินครับ เดินทะลุกำแพงได้เฉย บัคป่าวเนี่ย ด่วนๆเลย,Bug
ตัวละครติดบัค ขยับไม่ได้,Bug
แอดมินครับ ไอเทมหายไปจากช่องเก็บของ รบกวนด้วยครับ,Bug
สอบถามหน่อยครับ ภาพแตก กราฟิกบัค ขอบคุณครับ,Bug
สอบถามหน่อยครับ มอนสเตอร์ไม่เกิด บัคแน่ๆ แก้ให้ที,Bug
แอดมินครับ มอนสเตอร์ไม่เกิด บัคแน่ๆ แก้ให้ที,Bug
สอบถามหน่อยครับ บัคเสียงหาย ไม่ได้ยินเสียงเกม แก้ให้ที,Bug
ช่วยด้วย ภาพแตก กราฟิกบัค,Bug
แอดมินครับ เควสบัค ส่งเควสไม่ได้ ด่วนๆเลย,Bug
แอดมินครับ เควสบัค ส่งเควสไม่ได้,Bug
คือว่า ไอเทมหายไปจากช่องเก็บของ,Bug
แอดมินครับ ตัวละครติดบัค ขยับไม่ได้ แก้ให้ที,Bug
คือว่า หลอดเลือดมอนสเตอร์ไม่ลด ขอบคุณครับ,Bug
คือว่า ตัวละครติดบัค ขยับไม่ได้ ด่วนๆเลย,Bug
ช่วยด้วย ไอเทมหายไปจากช่องเก็บของ รบกวนด้วยครับ,Bug
สอบถามหน่อยครับ ไอเทมหายไปจากช่องเก็บของ แก้ให้ที,Bug
สอบถามหน่อยครับ บัคตัวละครลอยค้างบนฟ้า ด่วนๆเลย,Bug
แอดมินครับ หลอดเลือดมอนสเตอร์ไม่ลด,Bug
กดรับของรางวัลไม่ได้ ขอบคุณครับ,Bug
สอบถามหน่อยครับ บัคเสียงหาย ไม่ได้ยินเสียงเกม แก้ให้ที,Bug
บัคตัวละครลอยค้างบนฟ้า ขอบคุณครับ,Bug
เควสบัค ส่งเควสไม่ได้ ขอบคุณครับ,Bug
คือว่า กดรับของรางวัลไม่ได้ แก้ให้ที,Bug
แอดมินครับ ภาพแตก กราฟิกบัค,Bug
คือว่า มอนสเตอร์ไม่เกิด บัคแน่ๆ,Bug
ช่วยด้วย กดรับของรางวัลไม่ได้ ขอบคุณครับ,Bug
ช่วยด้วย กดรับของรางวัลไม่ได้,Bug
ช่วยด้วย เดินทะลุกำแพงได้เฉย บัคป่าวเนี่ย รบกวนด้วยครับ,Bug
บัคตัวละครลอยค้างบนฟ้า แก้ให้ที,Bug
แอดมินครับ เดินทะลุกำแพงได้เฉย บัคป่าวเนี่ย รบกวนด้วยครับ,Bug
ช่วยด้วย ภาพแตก กราฟิกบัค แก้ให้ที,Bug
หลอดเลือดมอนสเตอร์ไม่ลด ขอบคุณครับ,Bug
คือว่า บัคเสียงหาย ไม่ได้ยินเสียงเกม แก้ให้ที,Bug
สอบถามหน่อยครับ ภาพแตก กราฟิกบัค แก้ให้ที,Bug
แอดมินครับ ภาพแตก กราฟิกบัค ขอบคุณครับ,Bug
คือว่า เควสบัค ส่งเควสไม่ได้ ด่วนๆเลย,Bug
ช่วยด้วย ไอเทมหายไปจากช่องเก็บของ แก้ให้ที,Bug
คือว่า ภาพแตก กราฟิกบัค รบกวนด้วยครับ,Bug
สอบถามหน่อยครับ หลอดเลือดมอนสเตอร์ไม่ลด ขอบคุณครับ,Bug
ช่วยด้วย ไอเทมหายไปจากช่องเก็บของ รบกวนด้วยครับ,Bug
บัคตัวละครลอยค้างบนฟ้า ขอบคุณครับ,Bug
สอบถามหน่อยครับ ตัวละครติดบัค ขยับไม่ได้ ขอบคุณครับ,Bug
ภาพแตก กราฟิกบัค ขอบคุณครับ,Bug
คือว่า กดรับของรางวัลไม่ได้ แก้ให้ที,Bug
บัคเสียงหาย ไม่ได้ยินเสียงเกม ขอบคุณครับ,Bug
ช่วยด้วย บัคตัวละครลอยค้างบนฟ้า รบกวนด้วยครับ,Bug
แอดมินครับ กดรับของรางวัลไม่ได้ ขอบคุณครับ,Bug
เควสบัค ส่งเควสไม่ได้ รบกวนด้วยครับ,Bug
สอบถามหน่อยครับ หลอดเลือดมอนสเตอร์ไม่ลด ด่วนๆเลย,Bug
สอบถามหน่อยครับ เควสบัค ส่งเควสไม่ได้ ด่วนๆเลย,Bug
สอบถามหน่อยครับ บัคเสียงหาย ไม่ได้ยินเสียงเกม รบกวนด้วยครับ,Bug
สอบถามหน่อยครับ ตัวละครติดบัค ขยับไม่ได้ แก้ให้ที,Bug
ช่วยด้วย เดินทะลุกำแพงได้เฉย บัคป่าวเนี่ย แก้ให้ที,Bug
ช่วยด้วย หลอดเลือดมอนสเตอร์ไม่ลด ขอบคุณครับ,Bug
ช่วยด้วย บัคเสียงหาย ไม่ได้ยินเสียงเกม ขอบคุณครับ,Bug
สอบถามหน่อยครับ เดินทะลุกำแพงได้เฉย บัคป่าวเนี่ย,Bug
แอดมินครับ บัคเสียงหาย ไม่ได้ยินเสียงเกม ด่วนๆเลย,Bug
คือว่า บัคเสียงหาย ไม่ได้ยินเสียงเกม รบกวนด้วยครับ,Bug
สอบถามหน่อยครับ บัคตัวละครลอยค้างบนฟ้า ขอบคุณครับ,Bug
แอดมินครับ เควสบัค ส่งเควสไม่ได้ ขอบคุณครับ,Bug
บัคเสียงหาย ไม่ได้ยินเสียงเกม,Bug
ช่วยด้วย หลอดเลือดมอนสเตอร์ไม่ลด รบกวนด้วยครับ,Bug
หลอดเลือดมอนสเตอร์ไม่ลด แก้ให้ที,Bug
เดินทะลุกำแพงได้เฉย บัคป่าวเนี่ย ด่วนๆเลย,Bug
ช่วยด้วย บัคตัวละครลอยค้างบนฟ้า ด่วนๆเลย,Bug
ช่วยด้วย ตัวละครติดบัค ขยับไม่ได้,Bug
คือว่า บัคเสียงหาย ไม่ได้ยินเสียงเกม ด่วนๆเลย,Bug
แอดมินครับ ไอเทมหายไปจากช่องเก็บของ ขอบคุณครับ,Bug
บัคตัวละครลอยค้างบนฟ้า รบกวนด้วยครับ,Bug
สอบถามหน่อยครับ ภาพแตก กราฟิกบัค รบกวนด้วยครับ,Bug
แอดมินครับ บัคเสียงหาย ไม่ได้ยินเสียงเกม รบกวนด้วยครับ,Bug
คือว่า หลอดเลือดมอนสเตอร์ไม่ลด รบกวนด้วยครับ,Bug
ตัวละครติดบัค ขยับไม่ได้ ด่วนๆเลย,Bug
มอนสเตอร์ไม่เกิด บัคแน่ๆ แก้ให้ที,Bug
เดินทะลุกำแพงได้เฉย บัคป่าวเนี่ย ขอบคุณครับ,Bug
แอดมินครับ เควสบัค ส่งเควสไม่ได้ ขอบคุณครับ,Bug
สอบถามหน่อยครับ บัคตัวละครลอยค้างบนฟ้า รบกวนด้วยครับ,Bug
ช่วยด้วย บัคเสียงหาย ไม่ได้ยินเสียงเกม แก้ให้ที,Bug
เควสบัค ส่งเควสไม่ได้ ขอบคุณครับ,Bug
คือว่า บัคตัวละครลอยค้างบนฟ้า แก้ให้ที,Bug
คือว่า ภาพแตก กราฟิกบัค ด่วนๆเลย,Bug
กดรับของรางวัลไม่ได้ ด่วนๆเลย,Bug
สอบถามหน่อยครับ ภาพแตก กราฟิกบัค,Bug
แอดมินครับ ภาพแตก กราฟิกบัค,Bug
คือว่า กดรับของรางวัลไม่ได้ ขอบคุณครับ,Bug
ช่วยด้วย เดินทะลุกำแพงได้เฉย บัคป่าวเนี่ย,Bug
สอบถามหน่อยครับ ตัวละครติดบัค ขยับไม่ได้,Bug
หลอดเลือดมอนสเตอร์ไม่ลด,Bug
ช่วยด้วย ภาพแตก กราฟิกบัค ขอบคุณครับ,Bug
ช่วยด้วย บัคเสียงหาย ไม่ได้ยินเสียงเกม ด่วนๆเลย,Bug
ช่วยด้วย กดรับของรางวัลไม่ได้ รบกวนด้วยครับ,Bug
หลอดเลือดมอนสเตอร์ไม่ลด รบกวนด้วยครับ,Bug
คือว่า กดรับของรางวัลไม่ได้,Bug
แอดมินครับ บัคเสียงหาย ไม่ได้ยินเสียงเกม ด่วนๆเลย,Bug
ช่วยด้วย หลอดเลือดมอนสเตอร์ไม่ลด แก้ให้ที,Bug
คือว่า บัคเสียงหาย ไม่ได้ยินเสียงเกม ขอบคุณครับ,Bug
ช่วยด้วย กดรับของรางวัลไม่ได้ แก้ให้ที,Bug
ช่วยด้วย หลอดเลือดมอนสเตอร์ไม่ลด ด่วนๆเลย,Bug
คือว่า กดรับของรางวัลไม่ได้ ขอบคุณครับ,Bug
คือว่า กดรับของรางวัลไม่ได้ ขอบคุณครับ,Bug
เควสบัค ส่งเควสไม่ได้ ขอบคุณครับ,Bug
คือว่า หลอดเลือดมอนสเตอร์ไม่ลด รบกวนด้วยครับ,Bug
แอดมินครับ มอนสเตอร์ไม่เกิด บัคแน่ๆ รบกวนด้วยครับ,Bug
สอบถามหน่อยครับ กดรับของรางวัลไม่ได้ ด่วนๆเลย,Bug
ช่วยด้วย เดินทะลุกำแพงได้เฉย บัคป่าวเนี่ย ด่วนๆเลย,Bug
สอบถามหน่อยครับ เดินทะลุกำแพงได้เฉย บัคป่าวเนี่ย รบกวนด้วยครับ,Bug
แอดมินครับ หลอดเลือดมอนสเตอร์ไม่ลด ขอบคุณครับ,Bug
หลอดเลือดมอนสเตอร์ไม่ลด ด่วนๆเลย,Bug
เดินทะลุกำแพงได้เฉย บัคป่าวเนี่ย,Bug
คือว่า เดินทะลุกำแพงได้เฉย บัคป่าวเนี่ย,Bug
แอดมินครับ ภาพแตก กราฟิกบัค แก้ให้ที,Bug
คือว่า เดินทะลุกำแพงได้เฉย บัคป่าวเนี่ย รบกวนด้วยครับ,Bug
ช่วยด้วย มอนสเตอร์ไม่เกิด บัคแน่ๆ รบกวนด้วยครับ,Bug
ช่วยด้วย บัคตัวละครลอยค้างบนฟ้า ด่วนๆเลย,Bug
ช่วยด้วย ภาพแตก กราฟิกบัค,Bug
บัคตัวละครลอยค้างบนฟ้า ด่วนๆเลย,Bug
ช่วยด้วย กดรับของรางวัลไม่ได้ ด่วนๆเลย,Bug
คือว่า เดินทะลุกำแพงได้เฉย บัคป่าวเนี่ย แก้ให้ที,Bug
สอบถามหน่อยครับ ตัวละครติดบัค ขยับไม่ได้ ด่วนๆเลย,Bug
คือว่า เดินทะลุกำแพงได้เฉย บัคป่าวเนี่ย แก้ให้ที,Bug
แอดมินครับ เควสบัค ส่งเควสไม่ได้ รบกวนด้วยครับ,Bug
มอนสเตอร์ไม่เกิด บัคแน่ๆ ด่วนๆเลย,Bug
สอบถามหน่อยครับ ตัวละครติดบัค ขยับไม่ได้ รบกวนด้วยครับ,Bug
คือว่า เควสบัค ส่งเควสไม่ได้ รบกวนด้วยครับ,Bug
แอดมินครับ ภาพแตก กราฟิกบัค ขอบคุณครับ,Bug
สอบถามหน่อยครับ บัคเสียงหาย ไม่ได้ยินเสียงเกม ด่วนๆเลย,Bug
คือว่า บัคเสียงหาย ไม่ได้ยินเสียงเกม ขอบคุณครับ,Bug
ภาพแตก กราฟิกบัค,Bug
สอบถามหน่อยครับ ภาพแตก กราฟิกบัค,Bug
เควสบัค ส่งเควสไม่ได้ แก้ให้ที,Bug
สอบถามหน่อยครับ มอนสเตอร์ไม่เกิด บัคแน่ๆ,Bug
ช่วยด้วย เควสบัค ส่งเควสไม่ได้ ด่วนๆเลย,Bug
คือว่า หลอดเลือดมอนสเตอร์ไม่ลด,Bug
บัคตัวละครลอยค้างบนฟ้า,Bug
ช่วยด้วย กดรับของรางวัลไม่ได้ ขอบคุณครับ,Bug
คือว่า หลอดเลือดมอนสเตอร์ไม่ลด,Bug
คือว่า เควสบัค ส่งเควสไม่ได้ แก้ให้ที,Bug
แอดมินครับ ตัวละครติดบัค ขยับไม่ได้ แก้ให้ที,Bug
สอบถามหน่อยครับ มอนสเตอร์ไม่เกิด บัคแน่ๆ รบกวนด้วยครับ,Bug
สอบถามหน่อยครับ ตัวละครติดบัค ขยับไม่ได้ แก้ให้ที,Bug
แอดมินครับ หลอดเลือดมอนสเตอร์ไม่ลด ด่วนๆเลย,Bug
ช่วยด้วย กดรับของรางวัลไม่ได้ รบกวนด้วยครับ,Bug
ไอเทมหายไปจากช่องเก็บของ ด่วนๆเลย,Bug
เดินทะลุกำแพงได้เฉย บัคป่าวเนี่ย,Bug
ช่วยด้วย มอนสเตอร์ไม่เกิด บัคแน่ๆ ขอบคุณครับ,Bug
ช่วยด้วย บัคเสียงหาย ไม่ได้ยินเสียงเกม แก้ให้ที,Bug
คือว่า ภาพแตก กราฟิกบัค ด่วนๆเลย,Bug
ช่วยด้วย บัคเสียงหาย ไม่ได้ยินเสียงเกม แก้ให้ที,Bug
คือว่า บัคตัวละครลอยค้างบนฟ้า,Bug
ตัวละครติดบัค ขยับไม่ได้ รบกวนด้วยครับ,Bug
แอดมินครับ ภาพแตก กราฟิกบัค ด่วนๆเลย,Bug
แอดมินครับ ไอเทมหายไปจากช่องเก็บของ รบกวนด้วยครับ,Bug
สอบถามหน่อยครับ เดินทะลุกำแพงได้เฉย บัคป่าวเนี่ย ด่วนๆเลย,Bug
สอบถามหน่อยครับ ไอเทมหายไปจากช่องเก็บของ,Bug
ช่วยด้วย เควสบัค ส่งเควสไม่ได้ รบกวนด้วยครับ,Bug
ช่วยด้วย มอนสเตอร์ไม่เกิด บัคแน่ๆ แก้ให้ที,Bug
สอบถามหน่อยครับ กดรับของรางวัลไม่ได้ รบกวนด้วยครับ,Bug
สอบถามหน่อยครับ เดินทะลุกำแพงได้เฉย บัคป่าวเนี่ย แก้ให้ที,Bug
คือว่า บัคเสียงหาย ไม่ได้ยินเสียงเกม ด่วนๆเลย,Bug
สอบถามหน่อยครับ ไอเทมหายไปจากช่องเก็บของ รบกวนด้วยครับ,Bug
มอนสเตอร์ไม่เกิด บัคแน่ๆ,Bug
สอบถามหน่อยครับ ไอเทมหายไปจากช่องเก็บของ ขอบคุณครับ,Bug
สอบถามหน่อยครับ บัคเสียงหาย ไม่ได้ยินเสียงเกม แก้ให้ที,Bug
สอบถามหน่อยครับ เควสบัค ส่งเควสไม่ได้ ขอบคุณครับ,Bug
ตัวละครติดบัค ขยับไม่ได้ แก้ให้ที,Bug
ตัวละครติดบัค ขยับไม่ได้ แก้ให้ที,Bug
คือว่า กดรับของรางวัลไม่ได้ ด่วนๆเลย,Bug
สอบถามหน่อยครับ บัคตัวละครลอยค้างบนฟ้า,Bug
แอดมินครับ เควสบัค ส่งเควสไม่ได้,Bug
ช่วยด้วย เควสบัค ส่งเควสไม่ได้ รบกวนด้วยครับ,Bug
ช่วยด้วย ไอเทมหายไปจากช่องเก็บของ รบกวนด้วยครับ,Bug
คือว่า ภาพแตก กราฟิกบัค ขอบคุณครับ,Bug
แอดมินครับ ตัวละครติดบัค ขยับไม่ได้ ขอบคุณครับ,Bug
ช่วยด้วย บัคเสียงหาย ไม่ได้ยินเสียงเกม ด่วนๆเลย,Bug
แอดมินครับ ตัวละครติดบัค ขยับไม่ได้ ด่วนๆเลย,Bug
สอบถามหน่อยครับ ไอเทมหายไปจากช่องเก็บของ รบกวนด้วยครับ,Bug
ช่วยด้วย บัคเสียงหาย ไม่ได้ยินเสียงเกม รบกวนด้วยครับ,Bug
สอบถามหน่อยครับ บัคเสียงหาย ไม่ได้ยินเสียงเกม ด่วนๆเลย,Bug
คือว่า เควสบัค ส่งเควสไม่ได้,Bug
คือว่า กดรับของรางวัลไม่ได้ ด่วนๆเลย,Bug
แอดมินครับ เควสบัค ส่งเควสไม่ได้ ด่วนๆเลย,Bug
ไอเทมหายไปจากช่องเก็บของ แก้ให้ที,Bug
ช่วยด้วย ตัวละครติดบัค ขยับไม่ได้ ด่วนๆเลย,Bug
สอบถามหน่อยครับ บัคเสียงหาย ไม่ได้ยินเสียงเกม แก้ให้ที,Bug
แอดมินครับ กดรับของรางวัลไม่ได้ แก้ให้ที,Bug
กดรับของรางวัลไม่ได้ รบกวนด้วยครับ,Bug
แอดมินครับ ตัวละครติดบัค ขยับไม่ได้,Bug
ช่วยด้วย บัคตัวละครลอยค้างบนฟ้า,Bug
สอบถามหน่อยครับ บัคตัวละครลอยค้างบนฟ้า ขอบคุณครับ,Bug
มอนสเตอร์ไม่เกิด บัคแน่ๆ ขอบคุณครับ,Bug
เดินทะลุกำแพงได้เฉย บัคป่าวเนี่ย ด่วนๆเลย,Bug
สอบถามหน่อยครับ ภาพแตก กราฟิกบัค แก้ให้ที,Bug
ภาพแตก กราฟิกบัค,Bug
ภาพแตก กราฟิกบัค ขอบคุณครับ,Bug
สอบถามหน่อยครับ ไอเทมหายไปจากช่องเก็บของ,Bug
แอดมินครับ มอนสเตอร์ไม่เกิด บัคแน่ๆ ขอบคุณครับ,Bug
